question,answer,select1,select2,select3,select4
'우겨넣다'와 '욱여넣다' 어떤 것이 맞는 말?,가방에 신발을 욱여넣었다.,가방에 신발을 우겨넣었다.,가방에 신발을 욱여넣었다.,,
'아귀찜'과 '아구찜' 어떤 것이 맞는 말?,저녁은 아귀찜으로 합시다.,저녁은 아귀찜으로 합시다.,저녁은 아구찜으로 합시다.,,
'뇌졸증'과 '뇌졸중' 어떤 것이 맞는 말?,뇌졸중으로 쓰러지다.,뇌졸중으로 쓰러지다.,뇌졸증으로 쓰러지다.,,
'맡다'와 '맏다' 어떤 것이 맞는 말?,이번에 내가 3반 담임을 맡았어요.,이번에 내가 3반 담임을 맏았어요.,이번에 내가 3반 담임을 맡았어요.,,
'들어나다'와 '드러나다' 어떤 것이 맞는 말?,감춰진 진실이 드러났다.,감춰진 진실이 들어났다.,감춰진 진실이 드러났다.,,
어떤 것이 맞는 말?,길에서 미끄러지다.,길에서 미끌어지다.,길에서 미끄러지다.,,
'흑설탕'과 '흙설탕' 어떤 것이 맞는 말?,이 과자는 흑설탕을 첨가하였다.,이 과자는 흑설탕을 첨가하였다.,이 과자는 흙설탕을 첨가하였다.,,
'알은 체'와 '아는 체' 어떤 것이 맞는 말?,그가 나를 알은체하며 지나갔다.,그가 나를 알은체하며 지나갔다.,그가 나를 아는체하며 지나갔다.,,
'넓죽하다'의 올바른 발음은?,넙쭈카다,널쭈카다,넙쭈카다,,
'어이없다' 와 '어의없다' 어떤 것이 맞는 말?,어이없어 말이 안 나온다.,어이없어 말이 안 나온다.,어의없어 말이 안 나온다.,,
'가냘프다'와 '갸냘프다' 어떤 것이 맞는 말?,아이는 무척 가냘파 보였어.,아이는 무척 가냘파 보였어.,아이는 무척 갸냘파 보였어.,,
'왕배덕배'의 뜻으로 알맞은 것은?,이러니저러니 하고 시비를 가리는 모양,이러니저러니 하고 시비를 가리는 모양,적극적인 의지가 없이 되는대로 행동하는 모양,어지럽게 덧붙거나 겹쳐 있는 모양,자그마한 것들이 한 곳에 많이 붙어 있는 모양
'바특하다'의 뜻으로 알맞은 것은?,두 대상이나 물체 사이가 조금 가깝다,음흉하고 간사하다,피륙 따위의 바탕이 촘촘하다,두 대상이나 물체 사이가 조금 가깝다,요사스럽고 간특하다
한 번 끓어오르는 모양,한소끔,해말끔,서로끔,한소끔,
'거방지다'의 뜻으로 알맞은 것은?,하는 짓이 점잖고 무게가 있다,잘난 체하거나 남을 낮추어 보듯이 행동하는 데가 있다,경솔하여 생각 없이 망령되게 행동하다,"감정, 태도, 분위기 따위가 정답고 포근하다",하는 짓이 점잖고 무게가 있다
'되틀다'의 뜻으로 알맞은 것은?,반대쪽으로 틀다,반대쪽으로 틀다,바싹 꼬면서 틀다,한쪽으로 틀다,힘 있게 바싹 꼬면서 틀다
곤두박질하여 푹 쓰러지다,군드러지다,수그러지다,군드러지다,서그러지다,앙그러지다
미리 만들어 가게에 내놓고 파는 물건,가게내기,직판내기,수월내기,가게내기,가게쟁이
'떨쳐입다'의 뜻으로 알맞은 것은?,드러나게 차려입다,다른 옷으로 바꾸어 입다,옷을 되는대로 마구 입다,드러나게 차려입다,
'끌밋하다'의 뜻으로 알맞은 것은?,차림새 따위가 매우 깨끗하고 헌칠하다,모양이 지저분하지 않고 유난히 깨끗하다,조금 희고 깨끗하다,얼굴이 부어 오른 듯한 느낌이 있다,차림새 따위가 매우 깨끗하고 헌칠하다
'하늬바람'의 뜻으로 알맞은 것은?,서쪽에서 부는 바람,동쪽에서 부는 바람,서쪽에서 부는 바람,남쪽에서 부는 바람,북쪽에서 부는 바람
'헛되이'와 '헛되히' 어떤 것이 맞는 말?,그의 희생을 헛되이 하지 않도록 열심히 살겠습니다.,그의 희생을 헛되이 하지 않도록 열심히 살겠습니다.,그의 희생을 헛되히 하지 않도록 열심히 살겠습니다.,,
'열두째'와 '열둘째' 어떤 것이 맞는 말?,내 자리는 앞에서 열두째 줄에 있다.,내 자리는 앞에서 열두째 줄에 있다.,내 자리는 앞에서 열둘째 줄에 있다.,,
'뜨뜻미지근'과 '뜨뜨미지근' 어떤 것이 맞는 말?,뜨뜻미지근한 반응을 보였다.,뜨뜻미지근한 반응을 보였다.,뜨뜨미지근한 반응을 보였다.,,
'투고란'과 '투고난' 어떤 것이 맞는 말?,독자 투고란에 글을 썼다.,독자 투고란에 글을 썼다.,독자 투고난에 글을 썼다.,,
'윗옷으로 입을 티셔츠'와 '웃옷으로 입을 티셔츠' 어떤 것이 맞는 말?,윗옷으로 입을 티셔츠,윗옷으로 입을 티셔츠,웃옷으로 입을 티셔츠,,
'힘듬'과 '힘듦' 어떤 것이 맞는 말?,그의 얼굴에서 힘듦이 느껴졌다.,그의 얼굴에서 힘듦이 느껴졌다.,그의 얼굴에서 힘듬이 느껴졌다.,,
'깡충깡충'과 '깡총깡총' 어떤 것이 맞는 말?,토끼가 깡충깡충 뜁니다.,토끼가 깡충깡충 뜁니다.,토끼가 깡총깡총 뜁니다.,,
'의젓히'와 '의젓이' 어떤 것이 맞는 말?,동생들 앞이라고 의젓이 행동했다.,동생들 앞이라고 의젓히 행동했다.,동생들 앞이라고 의젓이 행동했다.,,
'들이마시다'와 '들어마시다' 어떤 것이 맞는 말?,신선한 공기를 들이마시다.,신선한 공기를 들이마시다.,신선한 공기를 들어마시다.,,
'비럭질'과 '비렁뱅이질' 어떤 것이 맞는 말?,길에서 비럭질 하는 사람을 보았다.,길에서 비렁뱅이질을 하는 사람을 보았다.,길에서 비럭질 하는 사람을 보았다.,,
기세등등(氣勢騰騰)의 뜻은?,기세가 매우 높고 힘찬 모양,기세가 몹시 사납고 세찬 정도,기세가 매우 높고 힘찬 모양,기세가 위엄 있고 떳떳함,
천방지축(天方地軸)의 뜻은?,너무 급하여 허둥지둥 함부로 날뜀,너무 급하여 허둥지둥 함부로 날뜀,사방으로 몹시 바쁘게 돌아다님,뜻밖에 일어난 큰 변고나 사건,
스스로 힘써 몸과 마음을 가다듬어 쉬지 아니함,자강불식 (自強不息),자강불식 (自強不息),청운지지 (靑雲之志),산궁수진 (山窮水盡),
군자삼락(君子三樂)의 뜻은?,군자의 세 가지 즐거움,군자가 되기 위한 세 가지 법칙,군자를 받드는 세 가지 이유,군자의 세 가지 즐거움,
처지를 바꾸어서 생각하여 봄,역지사지 (易地思之),파부침선 (破釜沈船),견강부회 (牽強附會),역지사지 (易地思之),
아비규환(阿鼻叫喚)의 뜻은?,여러 사람이 비참한 지경에 빠져 울부짖는 참상,여러 사람이 비참한 지경에 빠져 울부짖는 참상,미리 준비가 되어 있으면 우환을 당하지 아니함,자기를 알아주는 참다운 벗의 죽음을 슬퍼함,
양웅상쟁(兩雄相爭)의 뜻은?,두 영웅이 서로 싸움,양쪽이 서로 논쟁함,쟁취하고자 두 편이 사로 다툼,두 영웅이 서로 싸움,
처지를 바꾸어서 생각하여 봄,역지사지 (易地思之),파부침선 (破釜沈船),견강부회 (牽強附會),역지사지 (易地思之),
시작한 일을 중도에서 그만둘 수 없는 경우,기호지세 (騎虎之勢),하석상대 (下石上臺),기호지세 (騎虎之勢),간담상조 (肝膽相照),
분서갱유(焚書坑儒)의 뜻은?,서적을 불태우고 수많은 유생을 구덩이에 묻어 죽임,서적을 불태우고 수많은 유생을 구덩이에 묻어 죽임,세금을 가혹하게 거두고 무리하게 재물을 빼앗음,나쁜 사람을 가까이 하면 그 버릇에 물들기 쉬움,
어떤 것이 맞는 말?,그는 항상 의아스럽게 행동한다.,그는 항상 의아스러이 행동한다.,그는 항상 의아스럽게 행동한다.,,
'붙이다'와 '붙히다' 어떤 것이 맞는 말?,편지 봉투에 우표를 붙이다.,편지 봉투에 우표를 붙이다.,편지 봉투에 우표를 붙히다.,,
'아둥바둥'과 '아등바등' 어떤 것이 맞는 말?,아등바등 살고 있다.,아둥바둥 살고 있다.,아등바등 살고 있다.,,
'즉효'와 '직효' 어떤 것이 맞는 말?,약이 즉효를 보이다.,약이 직효를 보이다.,약이 즉효를 보이다.,,
'빨강색'과 '빨강' 어떤 것이 맞는 말?,빨강이 제일 좋아요.,빨강이 제일 좋아요.,빨강색이 제일 좋아요.,,
'내노라하다'와 '내로라하다' 어떤 것이 맞는 말?,그는 전 세계에서 내로라하는 춤꾼이다.,그는 전 세계에서 내노라하는 춤꾼이다.,그는 전 세계에서 내로라하는 춤꾼이다.,,
어떤 것이 맞는 말?,날이 을씨년스럽다.,날이 을씨년하다.,날이 을씨년스럽다.,,
'얼룩빼기'와 '얼룩배기' 어떤 것이 맞는 말?,저기 얼룩빼기 송아지가 있어.,저기 얼룩빼기 송아지가 있어.,저기 얼룩배기 송아지가 있어.,,
'벗어지다'와 '벗겨지다' 어떤 것이 맞는 말?,바람에 모자가 벗겨졌어.,바람에 모자가 벗어졌어.,바람에 모자가 벗겨졌어.,,
'어쨌든'과 '어쨋든' 어떤 것이 맞는 말?,어쨌든 진행해야 합니다.,어쨌든 진행해야 합니다.,어쨋든 진행해야 합니다.,,
'마중물'의 뜻으로 알맞은 것은?,물을 끌어 올리기 위하여 위에서 붓는 물,여러 차례 난 홍수에서 뒤에 일어난 물,매달 물장수에게 값을 치르고 사는 물,물을 끌어 올리기 위하여 위에서 붓는 물,붉은 황토가 섞여 탁하게 흐르는 큰물
'구순하다'의 뜻으로 알맞은 것은?,사이가 좋아 화목하다,사이가 좋아 화목하다,여러 사람의 의견을 두루 묻다,믿음과 성실로써 사귀다,윗사람의 명령을 순순히 좇다
여러모로 알맞은 모양,두루딱딱이,두루두루,두루광이,두루딱딱이,두루뭉수리
'가탈지다'의 뜻으로 알맞은 것은?,복잡하고 까다로운 조건이 생기다,복잡하고 까다로운 조건이 생기다,돈이나 곡식 따위에 부족이 생기다,성미나 취향 따위가 원만하지 않고 별스럽게 까탈이 많다,어떤 상황이나 구속 따위에서 빠져나오다
'데알다'의 뜻으로 알맞은 것은?,자세히 모르고 대강 또는 반쯤만 알다,자세히 모르고 대강 또는 반쯤만 알다,사리를 분별하여 판단하는 힘이 생기다,사람의 얼굴을 기억하고 알아보다,
'겯고틀다'의 뜻으로 알맞은 것은?,서로 지지 않으려고 버티어 겨루다,어그러지도록 밀어젖히면서 틀다,서로 지지 않으려고 버티어 겨루다,서로 옳으니 그르니 하며 다투다,
'난벌'의 뜻으로 알맞은 것은?,나들이할 때 착용하는 옷이나 신발,나들이할 때 착용하는 옷이나 신발,따로따로인 한 벌 한 벌,집 안에서만 입는 옷이나 신는 신발,알록달록하게 곱게 만든 아이의 옷
'얼없다'의 뜻으로 알맞은 것은?,조금도 틀림이 없다,다부지지 못하여 어수룩하다,황당하고 기가 막히는 듯하다,어떤 상황을 얼김에 슬쩍 넘기다,조금도 틀림이 없다
'덤터기'의 뜻으로 알맞은 것은?,억울한 누명이나 오명,조금 더 얹어 주는 물건,억울한 누명이나 오명,밑바탕이나 기초를 비유한 말,살림의 근거지가 되는 곳
일을 다잡아 해내는 솜씨,잡을손,잡을손,억짓손,지음새,한가락
자승자박(自繩自縛)의 뜻은?,자신의 언행 때문에 스스로 곤란하게 됨,자신의 언행 때문에 스스로 곤란하게 됨,자기가 한 일을 자기 스스로 자랑함,자기가 어떤 것에 끌려 취하다시피 함,
반포지효(反哺之孝)의 뜻은?,자식이 자란 후에 어버이의 은혜를 갚는 효성,어버이의 은혜가 넓고 큰 하늘과 같음,선천적으로 타고난 지극한 효성,자식이 자란 후에 어버이의 은혜를 갚는 효성,
쾌도난마(快刀亂麻)의 뜻은?,뒤얽힌 사물을 강력한 힘으로 명쾌하게 처리함,뒤얽힌 사물을 강력한 힘으로 명쾌하게 처리함,상대를 압도할 만큼 강력함,어떤 작용을 일으키는 강력한 힘,
입신양명(立身揚名)의 뜻은?,출세하여 이름을 세상에 떨침,출세하여 부모의 명예를 높임,세상에 떨치는 이름과 칭송받는 명예,출세하여 이름을 세상에 떨침,
집에만 있고 바깥출입을 아니함,두문불출 (杜門不出),문외불출 (門外不出),고립무원 (孤立無援),두문불출 (杜門不出),마두출령 (馬頭出令)
가난한 생활을 하면서도 편안한 마음으로 도를 즐겨 지킴,안빈낙도 (安貧樂道),창상지변 (滄桑之變),안빈낙도 (安貧樂道),유명무실 (有名無實),숙수지환 (菽水之歡)
옥상가옥(屋上架屋)의 뜻은?,물건이나 일을 부질없이 거듭함,물건이나 일을 부질없이 거듭함,기준에 따라 같은 수를 거듭하여 보탬,높은 곳에서 다른 편의 높은 곳으로 건너감,
지록위마(指鹿爲馬)의 뜻은?,윗사람을 농락하여 권세를 마음대로 함,영웅들이 다투어 천하를 얻고자 함,주견 없이 남의 말을 좇아 이리저리 함,윗사람을 농락하여 권세를 마음대로 함,
재앙과 화난이 바뀌어 오히려 복이 됨,전화위복 (轉禍爲福),전화위복 (轉禍爲福),강구연월 (康衢煙月),건곤일척 (乾坤一擲),
백년가약(百年佳約)의 뜻은?,부부가 되어 평생을 같이 지낼 것을 다짐하는 언약,언제나 깍듯하게 대해야 하는 어려운 손님,오랫동안 기다려도 바라는 것이 이루어질 수 없음,부부가 되어 평생을 같이 지낼 것을 다짐하는 언약,
'라떼는 말이야'와 가장 관련성이 높은 것은 무엇일까요?,기성세대,레스토랑,기성세대,광고,얼죽아
다음 중 '전공'의 쓰임이 자연스러운 상황은?,SNS에 올릴 때 사진 전공하지 말아주세요,이번 전공은 특별한 무대로 준비했어요.,친구들끼리 돈 주고 받을 때는 전공이지!,공사하기 전에는 전공이 필요하죠!,SNS에 올릴 때 사진 전공하지 말아주세요
다음 중 '고나리자'의 쓰임이 자연스러운 상황은?,학교에 고나리자 한 명 있어.,액자 속 눈썹이 없는 고나리자,너 왜 엄마한테 고나리자,초원을 뛰노는 고나리자 한 마리,학교에 고나리자 한 명 있어.
다음 중 '톡디'의 쓰임이 자연스러운 상황은?,내 톡디는 이거야.,내 톡디는 이거야.,피부에는 톡디가 좋지!,그 디자이너는 톡디에 재능이 있어!,나는 귀여워서 톡디라고 불려
다음 중 '일생가'의 쓰임이 자연스러운 상황을 고르세요.,그게 어떻게 그렇게 보이다니 일생가?,그게 어떻게 그렇게 보이다니 일생가?,내 일생가 그런건 듣도 보도 못했다!,일생가만큼 좋은 노래는 없어!,이 집은 모짜르트의 일생가인가요?
'소확횡'과 가장 관련성이 높은 것은 무엇일까요?,회사,회사,행복,한우,농사
내 휴대폰이 간당간당 하네~ 여기 ? 있는사람?,보배,미먼,오저치고,소확횡,보배
다음 중 '두쿵'을 대체할 수 있는 표현을 고르세요.,심쿵,심쿵,편두통,둥기둥기,비담
다음 중 '오저치고'의 쓰임이 가장 자연스러운 상황을 고르세요.,아 배고프다. 오저치고?,아 배고프다. 오저치고?,야 진짜 오저치고 난리 났다.,오저치고 내일하자!,와 메시 오저치고 골 넣는거 봐!
솔직히 순대국엔 깍두기가 ?이지,국룰,흑우,영끌,국룰,스라밸
아이 보는 데는 ?도 못 먹는다,찬물,찬물,고기,술,
? 뚜껑으로 물 떠먹은 셈,요강,주전자,냄비,가마,요강
길을 떠나려거든 ?도 빼어 놓고 가라,눈썹,목,눈썹,안경,동전
?에 곡식이 혀를 빼물고 자란다,마파람,갈바람,하늬바람,비바람,마파람
공것이라면 ?도 먹는다,양잿물,날것,양잿물,수도물,
가을 ?는 문 걸어 잠그고 먹는다,상추,대추,상추,고추,
정신은 빼어서 ?에 차고 있다,꽁무니,옆구리,꽁무니,바지춤,
자는 입에 ? 떨어 넣기,콩가루,콩가루,콩자반,밀가루,밀기울
보리 안 패는 ? 없고 나락 안 패는 ? 없다,삼월 - 유월,삼월 - 칠월,칠월 - 구월,삼월 - 유월,이월 - 유월
? 술에 눈물 나고 ? 술에 웃음 난다,반 잔 - 한 잔,한 잔 - 반 잔,석 잔 - 넉 잔,한 잔 - 두 잔,반 잔 - 한 잔
형설지공(螢雪之功)의 뜻은?,고생을 하면서 부지런하고 꾸준하게 공부하는 자세,한결같이 부지런하고 끈기가 있음,고생을 하면서 부지런하고 꾸준하게 공부하는 자세,악조건이나 고생 따위를 이겨 냄,
사근취원(捨近取遠)의 뜻은?,일의 순서나 차례를 바꾸어서 함,일의 순서를 찾지 못하고 있음,일의 순서나 차례를 바꾸어서 함,순서에 의하지 않고 거꾸로 일을 함,
우왕좌왕(右往左往)의 뜻은?,이리저리 왔다 갔다 하며 방향을 종잡지 못함,주변에 있는 사람들을 염려하여 결단을 주저함,잘못을 시인 하지 않고 엉뚱한 이야기로 얼버무림,이리저리 왔다 갔다 하며 방향을 종잡지 못함,
금지옥엽(金枝玉葉)의 뜻은?,귀한 자손을 이르는 말,귀한 자손을 이르는 말,가녀리고 가녀린 옥같은 손,세력 따위가 갑자기 기울거나 시듦,
일목요연(一目瞭然)의 뜻은?,한 번 보고도 알 수 있을 만큼 분명함,눈을 비비고 다시 보며 상대를 대함,한번 본 것은 잊어버리지 아니함,한 번 보고도 알 수 있을 만큼 분명함,
한 세력을 이용하여 다른 세력을 제어함,이이제이 (以夷制夷),이이제이 (以夷制夷),사근취원 (捨近取遠),자강불식 (自強不息),
세월이 빨리 흘러감,오비토주 (烏飛兔走),종회여류 (從懷如流),오비토주 (烏飛兔走),세세연년 (歲歲年年),세가월증 (歲加月增)
자기의 욕심을 누르고 예의범절을 따름,극기복례 (克己復禮),고식지계 (姑息之計),목불식정 (目不識丁),극기복례 (克己復禮),
가난한 생활을 하면서도 편안한 마음으로 도를 즐겨 지킴,안빈낙도 (安貧樂道),창상지변 (滄桑之變),안빈낙도 (安貧樂道),유명무실 (有名無實),숙수지환 (菽水之歡)
금시초문(今始初聞)의 뜻은?,바로 지금 처음으로 들음,바로 듣지 못하고 잘못 들음,바로 지금 처음으로 들음,비방하거나 나무라는 말을 들음,
'어깨죽지'와 '어깻죽지' 어떤 것이 맞는 말?,어깻죽지가 아프다.,어깻죽지가 아프다.,어깨죽지가 아프다.,,
'썩이다'와 '썩히다' 어떤 것이 맞는 말?,회사가 속을 썩인다.,회사가 속을 썩인다.,회사가 속을 썩힌다.,,
'소곤소곤'과 '소근소근' 어떤 것이 맞는 말?,여기서는 소곤소곤 말해.,여기서는 소근소근 말해.,여기서는 소곤소곤 말해.,,
'머다랗다'와 '멀다랗다' 어떤 것이 맞는 말?,우도가 머다랗게 보인다.,우도가 멀다랗게 보인다.,우도가 머다랗게 보인다.,,
'좌우편'과 '좌우켠' 어떤 것이 맞는 말?,운전할 땐 좌우편을 잘 살펴봐라.,운전할 땐 좌우편을 잘 살펴봐라.,운전할 땐 좌우켠을 잘 살펴봐라.,,
'갈겨쓰다'와 '날려쓰다' 어떤 것이 맞는 말?,아무렇게나 갈겨쓴 글씨.,아무렇게나 갈겨쓴 글씨.,아무렇게나 날려쓴 글씨.,,
'걱정거리'와 '걱정꺼리' 어떤 것이 맞는 말?,새로운 걱정거리가 생겼다.,새로운 걱정거리가 생겼다.,새로운 걱정꺼리가 생겼다.,,
'배냇짓'과 '배내웃음' 어떤 것이 맞는 말?,아이의 배냇짓을 보니 미소가 절로 지어졌다.,아이의 배내웃음을 보니 미소가 절로 지어졌다.,아이의 배냇짓을 보니 미소가 절로 지어졌다.,,
'반듯이'와 '반드시' 어떤 것이 맞는 말?,우리 힘으로 반드시 해내자!,우리 힘으로 반드시 해내자!,우리 힘으로 반듯이 해내자!,,
'장농'과 '장롱' 어떤 것이 맞는 말?,장롱 속에 넣어두었던 원피스를 찾았다.,장농 속에 넣어두었던 원피스를 찾았다.,장롱 속에 넣어두었던 원피스를 찾았다.,,
'제잡이'의 뜻으로 알맞은 것은?,스스로 자기 자신을 망치는 일,어떤 일의 방향을 잡는 일,스스로 자기 자신을 망치는 일,길을 인도해 주는 사람,어떤 일을 처음 시작하는 사람
'궁글다'의 뜻으로 알맞은 것은?,단단한 물체 속의 한 부분이 텅 비다,매우 실속 있고 다부지다,가루 따위가 미세하고 곱다,모서리가 둥그렇게 말리다,단단한 물체 속의 한 부분이 텅 비다
자신의 힘을 다하여,깜냥깜냥,꼬노꼬노,깜냥깜냥,섬마섬마,
'잡을손'의 뜻으로 알맞은 것은?,일을 다잡아 해내는 솜씨,어떤 방면에서 썩 훌륭한 솜씨,무리하게 억지로 해내는 솜씨,일을 다잡아 해내는 솜씨,손을 빠르게 놀려 만드는 솜씨
'꺽세다'의 뜻으로 알맞은 것은?,매우 단단하고 힘이 세다,기세가 몹시 강하고 사납다,하는 짓이 야무지고 올차다,매우 단단하고 힘이 세다,용기있고 씩씩하고 기운차다
그릇 위까지 수북하게 담은 밥,감투밥,구메밥,고두밥,가윗밥,감투밥
입맛을 자꾸 짝짝 다시며 맛있게 먹다,짜금거리다,졸랑거리다,주억거리다,지금거리다,짜금거리다
'하늬바람'의 뜻으로 알맞은 것은?,서쪽에서 부는 바람,동쪽에서 부는 바람,서쪽에서 부는 바람,남쪽에서 부는 바람,북쪽에서 부는 바람
'드레지다'의 뜻으로 알맞은 것은?,사람의 됨됨이가 가볍지 않고 점잖아서 무게가 있다,행동이나 말이 가볍고 조심성 없는 데가 있다,융통성이 없이 올곧고 고집이 세다,사람의 됨됨이가 가볍지 않고 점잖아서 무게가 있다,눈치가 빠르고 사근사근하다
드물고 성긴 모양,담상담상,휘전휘전,헤산바산,담상담상,해끗해끗
등을 쓰다듬어 준 강아지 ? 문다,발등,발등,뒤꿈치,정강이,손목
막걸리 거르려다 ?도 못 건진다,지게미,홍어,지게미,수건,탁배기
? 뚜껑으로 물 떠먹은 셈,요강,주전자,냄비,가마,요강
? 술에 눈물 나고 ? 술에 웃음 난다,반 잔 - 한 잔,한 잔 - 반 잔,석 잔 - 넉 잔,한 잔 - 두 잔,반 잔 - 한 잔
불난 데서 ? 한다,불이야,불이야,비나이다,불구경,
부러진 칼자루에 ?하기,옻칠,금칠,먹칠,옻칠,
어린아이 ? 꺾은 것 같다,팔,기,손,팔,꿈
되는 집에는 가지 나무에 ? 열린다,수박,참외,열매,오이,수박
번개가 잦으면 ? 을(를) 한다,천둥,천둥,장마,폭발,감전
어린아이 ? 꺾은 것 같다,팔,기,손,팔,꿈
어떤 것이 맞는 말?,괴나리봇짐을 지고 길을 나섰다.,괴나리봇짐을 지고 길을 나섰다.,개나리봇짐을 지고 길을 나섰다.,,
'멋쩍다'와 '멋적다' 어떤 것이 맞는 말?,그는 멋쩍은지 웃기만 하더라.,그는 멋적은지 웃기만 하더라.,그는 멋쩍은지 웃기만 하더라.,,
'겆다'와 '걷다' 어떤 것이 맞는 말?,비가 와서 빨래를 걷었다.,비가 와서 빨래를 겆었다.,비가 와서 빨래를 걷었다.,,
'좌우편'과 '좌우켠' 어떤 것이 맞는 말?,운전할 땐 좌우편을 잘 살펴봐라.,운전할 땐 좌우편을 잘 살펴봐라.,운전할 땐 좌우켠을 잘 살펴봐라.,,
'칠흑'과 '칠흙' 어떤 것이 맞는 말?,칠흑같이 어두운 밤,칠흑같이 어두운 밤,칠흙같이 어두운 밤,,
'인상율'과 '인상률' 어떤 것이 맞는 말?,임금 인상률이 상승한다.,임금 인상율이 상승한다.,임금 인상률이 상승한다.,,
'내리깔다'와 '내려깔다' 어떤 것이 맞는 말?,시선을 내리깔다.,시선을 내려깔다.,시선을 내리깔다.,,
'칼슘양'과 '칼슘량' 어떤 것이 맞는 말?,우유에 든 칼슘양,우유에 든 칼슘량,우유에 든 칼슘양,,
'쭈구러지다'와 '쭈그러지다' 어떤 것이 맞는 말?,쭈그러진 냄비는 이제 버리자.,쭈구러진 냄비는 이제 버리자.,쭈그러진 냄비는 이제 버리자.,,
'성대묘사'와 '성대모사' 어떤 것이 맞는 말?,그는 성대모사의 달인이다.,그는 성대묘사의 달인이다.,그는 성대모사의 달인이다.,,
'글구멍'의 뜻으로 알맞은 것은?,글을 잘 이해하는 지혜를 이르는 말,글을 잘 이해하는 지혜를 이르는 말,글의 시작을 알려주기 위한 표시,글의 본문을 이르는 말,글을 읽고도 주제를 못 보는 것
'된비알'의 뜻으로 알맞은 것은?,몹시 험한 비탈,길흉화복을 예언하여 적은 기록,깊이 감추어진 내막의 비밀,몹시 험한 비탈,깎아 세운 듯한 돌의 언덕
'꾀꾀로'의 뜻으로 알맞은 것은?,가끔가끔 틈을 타서 살그머니,겨를이 있을 때마다,시간적인 사이를 두고서 가끔씩,이따금 또는 가끔가다가,가끔가끔 틈을 타서 살그머니
화력이 세고 약한 정도,불땀,불귀,불기,불땀,불발
스스로 자기 자신을 망치는 일,제잡이,새잡이,말잡이,제잡이,채잡이
중요한 일에 곁달린 그리 대수롭지 않은 일,여줄가리,꺽지가리,여줄가리,마들가리,샛별가리
중심을 잃고 한쪽으로 기울어지다,되똑하다,되똑하다,되울리다,되작이다,되알지다
옆으로 쫙 퍼지게 끼얹는 물,나비물,살그물,깃그물,새금물,나비물
단단한 물체 속의 한 부분이 텅 비다,궁글다,옹글다,궁글다,몽글다,벙글다
그릇 위까지 수북하게 담은 밥,감투밥,구메밥,고두밥,가윗밥,감투밥
'웃니'와 '윗니' 어떤 것이 맞는 말?,윗니가 썩은 것 같아.,웃니가 썩은 것 같아.,윗니가 썩은 것 같아.,,
'무뉘'와 '무늬' 어떤 것이 맞는 말?,나는 꽃무늬 원피스를 즐겨 입는다.,나는 꽃무뉘 원피스를 즐겨 입는다.,나는 꽃무늬 원피스를 즐겨 입는다.,,
어떤 것이 맞는 말?,가끔은 그 소중한 물건들이 주쳇덩어리 같아.,가끔은 그 소중한 물건들이 주쳇덩어리 같아.,가끔은 그 소중한 물건들이 주쳇바가지 같아.,,
'체류'와 '채류' 어떤 것이 맞는 말?,그 나라에서 한동안 체류했다.,그 나라에서 한동안 채류했다.,그 나라에서 한동안 체류했다.,,
'받아들이다'와 '받아드리다' 어떤 것이 맞는 말?,이제는 현실을 받아들일 수 있다.,이제는 현실을 받아드릴 수 있다.,이제는 현실을 받아들일 수 있다.,,
'치고받고'와 '치고박고' 어떤 것이 맞는 말?,그 둘은 매일 치고받고 싸우기 바쁘다.,그 둘은 매일 치고받고 싸우기 바쁘다.,그 둘은 매일 치고박고 싸우기 바쁘다.,,
'띠웠어'와 '띄웠어' 어떤 것이 맞는 말?,사공은 배를 강에 띄웠어.,사공은 배를 강에 띠웠어.,사공은 배를 강에 띄웠어.,,
'챙피'와 '창피' 어떤 것이 맞는 말?,네 얼굴 보기가 창피하다.,네 얼굴 보기가 창피하다.,네 얼굴 보기가 챙피하다.,,
'맏기다'와 '맡기다' 어떤 것이 맞는 말?,사건을 신임 검사에게 맡기다.,사건을 신임 검사에게 맡기다.,사건을 신임 검사에게 맏기다.,,
'골치거리'와 '골칫거리'와 '골치꺼리' 어떤 것이 맞는 말?,큰 골칫거리가 되고 있다.,큰 골치거리가 되고 있다.,큰 골칫거리가 되고 있다.,큰 골치꺼리가 되고 있다.,
내우외환(內憂外患)의 뜻은?,나라 안팎의 여러 가지 어려움,준비가 있으면 근심이 없음,글자를 아는 것이 오히려 근심이 됨,나라 안팎의 여러 가지 어려움,
적반하장(賊反荷杖)의 뜻은?,잘못한 사람이 잘못 없는 사람을 나무람,잘못한 사람이 잘못 없는 사람을 나무람,남의 시문을 표절하여 쓰는 사람,남의 재물을 마구 빼앗고 행패를 부림,
대기만성(大器晩成)의 뜻은?,크게 될 사람은 늦게 이루어짐,크게 될 사람은 늦게 이루어짐,나이 들어서 늦게 철이 듦,크게 잘될 사람을 이르는 말,
겉으로는 같이 행동하면서도 속으로는 각각 딴생각을 하고 있음,동상이몽 (同床異夢),동상이몽 (同床異夢),마두출령 (馬頭出令),청운지지 (靑雲之志),
전도유망(前途有望)의 뜻은?,앞으로 잘될 희망이 있음,앞으로 잘될 희망이 있음,날은 저물었는데 갈 길은 멂,앞날에 어려움이나 재난이 많음,
천신만고(千辛萬苦)의 뜻은?,온갖 어려운 고비를 다 겪으며 심하게 고생함,사정이 곤란하여 괴로워하거나 고생함,온갖 어려운 고비를 다 겪으며 심하게 고생함,일을 하여 나가면서 부딪치는 어려운 고비,
다다익선(多多益善)의 뜻은?,많으면 많을수록 더욱 좋음,여러 가지로 일도 많고 어려움도 많음,생각과 느낌이 섬세하고 풍부함,많으면 많을수록 더욱 좋음,
경천동지(驚天動地)의 뜻은?,세상을 몹시 놀라게 함,뜻밖의 일로 깜짝 놀람,거짓으로 놀라는 체함,세상을 몹시 놀라게 함,
자신의 비위에 따라서 사리의 옳고 그름을 판단함,감탄고토 (甘呑苦吐),사생취의 (捨生取義),감탄고토 (甘呑苦吐),단사표음 (簞食瓢飮),
고견탁론(高見卓論)의 뜻은?,식견이 높은 견해와 탁월한 이론,식견이 높은 견해와 탁월한 이론,미래를 내다볼 만큼의 높은 식견,식견이 높고 사물에 밝은 사람,
올바른 외래어 표기는?,주니어,주니어,쥬니어,,
올바른 외래어 표기는?,불도그,불독,불도그,,
올바른 외래어 표기는?,재킷,재킷,자켓,자켇,재킽
올바른 외래어 표기는?,뉘앙스,늬앙스,뉘앙스,,
올바른 외래어 표기는?,벤치,벤취,벤치,,
올바른 외래어 표기는?,패러독스,패러독스,파라독스,,
올바른 외래어 표기는?,스로인,스로인,드로인,,
올바른 외래어 표기는?,스노,스노,스노우,,
올바른 외래어 표기는?,프레젠테이션,프리젠테이션,프레젠테이션,,
올바른 외래어 표기는?,슈퍼마켓,수퍼마켓,슈퍼마켓,수퍼마켙,슈퍼마켙
맞는 띄어쓰기는?,미리미리 준비할걸.,미리미리 준비할걸.,미리미리 준비할 걸.,,
띄어쓰기가 맞는 것은?,저런 게 있는지 몰랐어요.,저런게 있는지 몰랐어요.,저런 게 있는지 몰랐어요.,,
맞는 띄어쓰기는?,갈 수 있다,갈수있다,갈수 있다,갈 수 있다,
맞는 띄어쓰기는?,하루 내지 이틀,하루내지이틀,하루내지 이틀,하루 내지 이틀,
띄어쓰기가 맞는 것은?,저 꽃은 내 거야!,저 꽃은 내거야!,저 꽃은 내 거야!,,
띄어쓰기가 맞는 것은?,우리 그냥 다음번에 가자!,우리 그냥 다음 번에 가자!,우리 그냥 다음번에 가자!,,
맞는 띄어쓰기는?,교환 및 환불 가능 기간은 일주일입니다.,교환및 환불 가능 기간은 일주일입니다.,교환 및 환불 가능 기간은 일주일입니다.,,
띄어쓰기가 맞는 것은?,네가 살펴보았듯이 별로야.,네가 살펴보았듯이 별로야.,네가 살펴보았 듯이 별로야.,,
띄어쓰기가 맞는 것은?,오랜만에 청계천을 걸었다.,오랜만에 청계천을 걸었다.,오랜 만에 청계천을 걸었다.,,
띄어쓰기가 맞는 것은?,오늘 못한 부분은 다음 날 해!,오늘 못한 부분은 다음날 해!,오늘 못한 부분은 다음 날 해!,,
올바른 외래어 표기는?,색소폰,섹소폰,섹스폰,색소폰,색스폰
올바른 외래어 표기는?,스탠더드,스탠다드,스탠더드,,
올바른 외래어 표기는?,플래카드,플래카드,플랜카드,플랭카드,
올바른 외래어 표기는?,애드리브,애드립,에드립,애드리브,
올바른 외래어 표기는?,패러독스,패러독스,파라독스,,
올바른 외래어 표기는?,재킷,재킷,자켓,자켇,재킽
올바른 외래어 표기는?,알루미늄,알미늄,알루미늄,알뤼미늄,
올바른 외래어 표기는?,러키 세븐,럭키 세븐,러키 세븐,,
올바른 외래어 표기는?,킬로그램,키로그람,키로그램,킬로그람,킬로그램
올바른 외래어 표기는?,윈도,윈도우,윈도,,
?도 구르는 재주가 있다,굼벵이,지렁이,강아지,굼벵이,
좁쌀에 ? 판다,뒤웅,뒤웅,간웅,배웅,영웅
정담도 길면 ?이 생긴다,잔말,감정,싸움,잔말,애정
? 개는 물지 않는다,짖는,노는,짖는,얌전한,늙은
바람 따라 ?을 단다,돛,돛,줄,금,창
어린아이 ? 꺾은 것 같다,팔,기,손,팔,꿈
봄비는 ?요 가을비는 ?라,잠 비 - 떡 비,잠 비 - 떡 비,부슬비 - 장대비,꽃 비 - 낙엽 비,
? 무서워 장 못 담글까,구더기,시어머니,초파리,지렁이,구더기
? 조개 ? 낙지,봄 - 가을,봄 - 겨울,여름 - 겨울,봄 - 가을,
아무리 바빠도 ? 매어 쓰지는 못한다,바늘허리,개미허리,가는허리,바늘허리,
'무사하다'와 뜻이 다른 단어는?,사통하다,순탄하다,사통하다,원활하다,순조롭다
'장하다'와 뜻이 다른 단어는?,기중하다,성대하다,기특하다,기중하다,웅장하다
'살펴보다'와 뜻이 다른 단어는?,경시하다,뜯어보다,조사하다,검사하다,경시하다
'부드럽다'와 뜻이 다른 단어는?,영합하다,녹녹하다,원활하다,물렁하다,영합하다
'싱싱하다'와 뜻이 다른 단어는?,왕생하다,왕생하다,산뜻하다,칠칠하다,신선하다
'싸우다'와 뜻이 다른 단어는?,축전하다,쟁론하다,축전하다,각축하다,대전하다
'아담하다'와 뜻이 다른 단어는?,담은하다,고아하다,담백하다,깨끔하다,담은하다
'만지다'와 뜻이 다른 단어는?,무지르다,쓰다듬다,매만지다,손질하다,무지르다
'돌보다'와 뜻이 다른 단어는?,장려하다,알선하다,조력하다,장려하다,보살피다
'정하다'와 뜻이 다른 단어는?,제청하다,가다듬다,작심하다,제정하다,제청하다
극기복례(克己復禮)의 뜻은?,자기의 욕심을 누르고 예의범절을 따름,자기의 욕심을 누르고 예의범절을 따름,"욕심, 충동 따위를 이성적 의지로 눌러 이김",가장 밑바탕이 되고 중요한 예의범절,
'추석'을 일컫는 사자성어는?,중추가절 (仲秋佳節),만추가경 (晩秋佳景),추월춘풍 (秋月春風),중추가절 (仲秋佳節),
뜻이 높고 바르며 엄숙하고 날카로운 말,고담준론 (高談峻論),고담활론 (高談闊論),공리공론 (空理空論),고담준론 (高談峻論),고견탁론 (高見卓論)
단도직입(單刀直入)의 뜻은?,바로 본문제를 중심적으로 말함,자기의 뜻을 힘주어 말함,어떤 일의 요점만 간단히 말함,바로 본문제를 중심적으로 말함,
요지부동(搖之不動)의 뜻은?,흔들어도 꼼짝하지 아니함,움직이지 않거나 아무 말 없이,흔들어도 꼼짝하지 아니함,억지로 눌러 꼼짝 못하게 함,
거의 죽을 뻔하다가 도로 살아남,기사회생 (起死回生),전력회생 (電力回生),기사회생 (起死回生),경거망동 (輕擧妄動),
있는 듯 없는 듯 흐지부지함,유야무야 (有耶無耶),유야무야 (有耶無耶),유명무실 (有名無實),대동소이 (大同小異),유형무형 (有形無形)
백아절현(伯牙絶絃)의 뜻은?,자기를 알아주는 참다운 벗의 죽음을 슬퍼함,글만 읽고 세상일에는 경험이 없는 사람,세상에서는 견줄 사람이 없을 정도로 아름다운 여자,자기를 알아주는 참다운 벗의 죽음을 슬퍼함,
적반하장(賊反荷杖)의 뜻은?,잘못한 사람이 잘못 없는 사람을 나무람,잘못한 사람이 잘못 없는 사람을 나무람,남의 시문을 표절하여 쓰는 사람,남의 재물을 마구 빼앗고 행패를 부림,
우왕좌왕(右往左往)의 뜻은?,이리저리 왔다 갔다 하며 방향을 종잡지 못함,주변에 있는 사람들을 염려하여 결단을 주저함,잘못을 시인 하지 않고 엉뚱한 이야기로 얼버무림,이리저리 왔다 갔다 하며 방향을 종잡지 못함,
'닥치다'와 뜻이 다른 단어는?,돋치다,도래하다,이르다,돋치다,당면하다
'반드시'와 뜻이 다른 단어는?,필요,필연,필요,기필코,마땅히
'만만하다'와 뜻이 다른 단어는?,무궁무진하다,만질만질하다,하잘것없다,무궁무진하다,호락호락하다
'깨지다'와 뜻이 다른 단어는?,나파하다,낭패하다,나파하다,대파하다,파괴되다
'전하다'와 뜻이 다른 단어는?,기정하다,드리우다,전승하다,알리다,기정하다
'자세히'와 뜻이 다른 단어는?,상연히,상연히,상세히,소상히,미주알고주알
'분명하다'와 뜻이 다른 단어는?,적의하다,명료하다,적의하다,적확하다,역력하다
'감싸다'와 뜻이 다른 단어는?,휘젓다,보호하다,편애하다,휘감다,휘젓다
'골라내다'와 뜻이 다른 단어는?,내보내다,뽑아내다,발라내다,내보내다,가려내다
'보살피다'와 뜻이 다른 단어는?,낮추보다,지키다,감독하다,돌아보다,낮추보다
맞는 띄어쓰기는?,각 사람,각사람,각 사람,,
띄어쓰기가 맞는 것은?,홀로 술잔을 기울인다.,홀로 술잔을 기울인다.,홀로 술 잔을 기울인다.,,
띄어쓰기가 맞는 것은?,이 경기는 일 대 일로 마쳤다.,이 경기는 일대일로 마쳤다.,이 경기는 일 대 일로 마쳤다.,,
띄어쓰기가 맞는 것은?,홀로 술잔을 기울인다.,홀로 술잔을 기울인다.,홀로 술 잔을 기울인다.,,
띄어쓰기가 맞는 것은?,걔는 예쁠 뿐만 아니라 착해.,걔는 예쁠 뿐만 아니라 착해.,걔는 예쁠뿐만 아니라 착해.,,
띄어쓰기가 맞는 것은?,오늘 밤에 비가 올 예정이다.,오늘밤에 비가 올 예정이다.,오늘 밤에 비가 올 예정이다.,,
띄어쓰기가 맞는 것은?,마침내 문 앞에 다다랐다.,마침내 문앞에 다다랐다.,마침내 문 앞에 다다랐다.,,
띄어쓰기가 맞는 것은?,일 년 만에 합격했다.,일 년만에 합격했다.,일 년 만에 합격했다.,,
띄어쓰기가 맞는 것은?,영희는 예쁜데 이기적이야.,영희는 예쁜데 이기적이야.,영희는 예쁜 데 이기적이야.,,
맞는 띄어쓰기는?,과자 한 개를 샀다.,과자 한개를 샀다.,과자 한 개를 샀다.,,
장옷 쓰고 ? 먹기,엿,엿,떡,밥,
가을 ?는 문 걸어 잠그고 먹는다,상추,대추,상추,고추,
벗 줄 것은 없어도 ? 줄 것은 있다,도둑,친구,도둑,누이,남
누더기 속에서 ? 난다,영웅,냄새,영웅,인물,벌레
? 썩는 줄 모르고 기왓장 아끼는 격,대들보,자루,대문,대들보,
"가자니 태산이요, 돌아서자니 ?이라",숭산,남산,언덕,숭산,골짜기
?도 구르는 재주가 있다,굼벵이,지렁이,강아지,굼벵이,
새해 못할 ? 있으랴,제사,덕담,제사,다짐,용서
?도 굴러가다 서는 모가 있다,달걀,수레,통나무,바퀴,달걀
? 뚜껑으로 물 떠먹은 셈,요강,주전자,냄비,가마,요강
'뿌리다'와 뜻이 다른 단어는?,사리다,사리다,끼얹다,흩날리다,살포하다
'이야기'와 뜻이 다른 단어는?,풍기,담론,설화,풍설,풍기
'애처롭다'와 뜻이 다른 단어는?,애영하다,애영하다,가엽다,애잔하다,애틋하다
'연구하다'와 뜻이 다른 단어는?,골중하다,강구하다,골중하다,고구하다,탐구하다
'약속하다'와 뜻이 다른 단어는?,계교하다,상약하다,맹약하다,계교하다,약정하다
'골라내다'와 뜻이 다른 단어는?,내보내다,뽑아내다,발라내다,내보내다,가려내다
'생김새'와 뜻이 다른 단어는?,국면,신수,국면,양상,면목
'약속하다'와 뜻이 다른 단어는?,계교하다,상약하다,맹약하다,계교하다,약정하다
'기록하다'와 뜻이 다른 단어는?,가입하다,기재하다,가입하다,메모하다,기억하다
'통하다'와 뜻이 다른 단어는?,선통하다,선통하다,연결되다,능하다,인정되다
나무의 가지가 없는 줄기,마들가리,어리가리,여줄가리,마들가리,샛별가리
'감또개'의 뜻으로 알맞은 것은?,꽃과 함께 떨어진 어린 감,죄를 처단하기를 청하는 송사,옷감의 양 끝에 휘감친 부분,알에서 갓 태어난 병아리,꽃과 함께 떨어진 어린 감
'내광쓰광'의 뜻은?,만나도 모르는 체하며 냉정하게 대하는 모양,서로 옳으니 그르니 하며 다투는 모양,만나도 모르는 체하며 냉정하게 대하는 모양,사람을 대할 때 친밀감이 없이 예사로운 모양,거죽이 윤기가 흐르고 매우 매끄러운 모양
'보늬'의 뜻으로 알맞은 것은?,밤이나 도토리 따위의 속껍질,칡덩굴의 속껍질로 만든 굵은 밧줄,밤이나 도토리 따위의 속껍질,명주실로 짠 피륙의 하나,익히거나 말리거나 하지 아니한 밤
두 대상이나 물체 사이가 조금 가깝다,바특하다,검특하다,바특하다,사특하다,특특하다
미처 다 타지 않고 남아 있는 장작개비,무드러기,끄트러기,지스러기,머드러기,무드러기
깊이 잠들지 못하고 자꾸 자다가 깨는 잠,벼룩잠,벼룩잠,두벌잠,그루잠,갈치잠
'두남받다'의 뜻으로 알맞은 것은?,남다른 도움이나 사랑을 받다,위에서 아래로 향하여 받다,남다른 도움이나 사랑을 받다,남을 억지로 자기에게 복종시키다,말이나 행동이 약빠르고 밉다
늦추어진 것을 바짝 잡아 죄는 일,다잡이,감잡이,다잡이,드잡이,제잡이
'귓결'의 뜻으로 알맞은 것은?,우연하게 듣게 된 겨를,이야기를 듣고 느끼는 재미,잠이 어렴풋이 들거나 깬 상태,어떤 결말이나 결과에 이름,우연하게 듣게 된 겨를
다음 중 '비담'의 쓰임이 자연스러운 상황은?,얘가 여기서 비담이야,그거 다 니가 지불하려면 비담아니야?,비담은 우리만의 일이 아니야,얘가 여기서 비담이야,날씨가 안좋네 비담하려나?
또 어디 숨어서 ?하고 있던거 아니야?,월루,월식,월담,월간,월루
다음 중 '자낳괴'의 의미는?,자본주의가 낳은 괴물,자식을 낳으면 괴롭다,자본주의가 낳은 괴물,자연이 낳은 괴생명체,자유롭게 날아다니면 괴로움은 사라져
다음 중 '전공'의 쓰임이 자연스러운 상황은?,SNS에 올릴 때 사진 전공하지 말아주세요,이번 전공은 특별한 무대로 준비했어요.,친구들끼리 돈 주고 받을 때는 전공이지!,공사하기 전에는 전공이 필요하죠!,SNS에 올릴 때 사진 전공하지 말아주세요
다음 중 '윰차'의 쓰임이 가장 자연스러운 상황을 고르세요.,모두 똑같은 사람인데 윰차하면 안되죠!,모두 똑같은 사람인데 윰차하면 안되죠!,"윰차, 힘을 내자!",나 오늘 윰차 냈어.,따뜻한 윰차 한잔 마실래?
여러분 모두 ?입니다,만반잘부,만반잘부,플렉스,꾸안꾸,펭수
다음 중 '꾸안꾸'의 쓰임이 가장 자연스러운 상황을 고르세요.,꾸안꾸 자연스러운게 가장 좋지,꾸안꾸 자연스러운게 가장 좋지,귀여울 때는 꾸안꾸!,그래서 나한테 돈을 꾸안꾸?,고기 구울때 나는 꾸안꾸가 딱 좋아.
여기 너무 예쁘다! 분위기 진짜 ?,와우내,와우내,이생망,누물보,자낳괴
여러분 모두 ?입니다,만반잘부,만반잘부,플렉스,꾸안꾸,펭수
'미먼'과 가장 관련성이 높은 것은 무엇일까요?,대기,미래,방송,로봇,대기
높이 우뚝 솟은 모양,소소리,오드드,소소리,야르르,소소배
물체의 삐죽하게 내민 부분,뿌다구니,멀떠구니,뿌다구니,치룽구니,
한데 뒤섞이고 엉클어져 어수선한 모양,검불덤불,가막덤불,가막사리,검불덤불,가시덤불
'귀재다'의 뜻으로 알맞은 것은?,잘못 들은 것이 아닌가 하고 귀를 기울이다,다른 사람의 말과 자신의 말을 비교하다,옳고 그름을 분명히 하다,잘못 들은 것이 아닌가 하고 귀를 기울이다,의견이 서로 빗나가서 틀어지다
아주 깊이 든 잠,귀잠,귀잠,침잠,발편잠,두벌잠
'담상담상'의 뜻으로 알맞은 것은?,드물고 성긴 모양,휘휘 자꾸 젓는 모양,드물고 성긴 모양,이리저리 헤어지는 모양,큰 물체가 물에 잠기는 모양
경계선을 따라 좁고 길게 만든 꽃밭,살피꽃밭,살피꽃밭,모둠꽃밭,올림꽃밭,
'결찌'의 뜻으로 알맞은 것은?,어찌어찌하여 연분이 닿는 먼 친척,매우 빨리 떨어지는 불빛을 비유적으로 이르는 말,어찌어찌하여 연분이 닿는 먼 친척,뱃간에 깔기 위하여 엮은 나뭇가지,흘겨보거나 쏘아보는 눈길
여러모로 알맞은 모양,두루딱딱이,두루두루,두루광이,두루딱딱이,두루뭉수리
'주억거리다'의 뜻으로 알맞은 것은?,고개를 앞뒤로 천천히 끄덕거리다,고개를 앞뒤로 천천히 끄덕거리다,허리가 좌우로 거볍게 자꾸 흔들리다,가만가만 거볍게 행동하거나 지껄이다,팔이나 꼬리 따위가 가볍게 자꾸 흔들리다
올바른 외래어 표기는?,컨소시엄,콘소시엄,컨소시엄,컨소시움,
올바른 외래어 표기는?,레크리에이션,레크레이션,레크리에이션,,
올바른 외래어 표기는?,알루미늄 포일,알루미늄 포일,알루미늄 호일,,
올바른 외래어 표기는?,스튜어디스,스튜어디스,스튜디어스,,
올바른 외래어 표기는?,장르,쟝르,장르,,
올바른 외래어 표기는?,로켓,로켓,로케트,,
올바른 외래어 표기는?,탤런트,탤런트,탈렌트,,
올바른 외래어 표기는?,센터,센타,센터,,
올바른 외래어 표기는?,메시지,메시지,메세지,,
올바른 외래어 표기는?,알루미늄,알미늄,알루미늄,알뤼미늄,
뺨에 보조개가 생기다,우물지다,우물지다,울멍지다,오라지다,우거지다
어떤 일이 일어나는 그때마다,결결이,곳곳이,짬짬이,결결이,꾀꾀로
그릇 위까지 수북하게 담은 밥,감투밥,구메밥,고두밥,가윗밥,감투밥
'거춤거춤'의 뜻으로 알맞은 것은?,일을 대강대강 하는 모양,일을 대강대강 하는 모양,살갗이 윤기가 없고 거친 모양,망설이며 자꾸 머뭇거리는 모양,다리를 끌면서 억지로 걷는 모양
여럿 가운데에 가장 중요한 내용,알짬,중간,중견,전짬,알짬
'모꼬지'의 뜻으로 알맞은 것은?,놀이 등의 일로 여러 사람이 모이는 일,예식이 끝난 뒤에 필요에 따라 다시 가지는 모임,많은 사람들이 들에서 가지는 모임,적은 수의 사람들이 참석하는 모임,놀이 등의 일로 여러 사람이 모이는 일
충분히 익어 저절로 떨어질 정도가 된 상태,아람,가람,무람,열람,아람
남다른 도움이나 사랑을 받다,두남받다,두남받다,강종받다,아금받다,내리받다
이러니저러니 하고 시비를 가리는 모양,왕배덕배,야불답백,다불다불,너더댓새,왕배덕배
'우수리'의 뜻으로 알맞은 것은?,물건값을 제하고 거슬러 받는 잔돈,시장에서 파는 곡식의 값으로 받는 돈,안 써도 좋을 데에 쓸데없이 쓰는 돈,뜻하지 않게 갑작스레 많이 생긴 돈,물건값을 제하고 거슬러 받는 잔돈
다음 중 '좋못사'한 사람은?,샐리 : 취향의 문제가 아니야. 난 너무 사랑해,브라운 : 난 정말 웹툰 좋아하는 사람들 이해가 안돼!,코니 : 취향을 존중해주는게 필요하다고 생각해.,샐리 : 취향의 문제가 아니야. 난 너무 사랑해,레너드 : 난 요즘 관심이 막 생겼어!
다음 중 '얼죽코'의 쓰임이 가장 자연스러운 상황을 고르세요.,멋부리느라 매일 얼죽코지?,얼큰하게 얼죽코 한 그릇 어때?,울라프는 코가 얼죽코야,얼죽코로 한 대 맞을래?,멋부리느라 매일 얼죽코지?
다음 중 '갑통알'의 의미는?,갑자기 통장 보니 알바해야 할 것 같음,갑자기 통통해진 알바생,갑자기 통장 보니 알바해야 할 것 같음,갑자기 알통이 생김,갑자기 통장에 알 수 없는 돈이 들어옴
'구취'와 가장 관련성이 높은 것은 무엇일까요?,구독자,구독자,취향 존중,비둘기,취미
다음 중 '윰차'의 쓰임이 가장 자연스러운 상황을 고르세요.,모두 똑같은 사람인데 윰차하면 안되죠!,모두 똑같은 사람인데 윰차하면 안되죠!,"윰차, 힘을 내자!",나 오늘 윰차 냈어.,따뜻한 윰차 한잔 마실래?
또 어디 숨어서 ?하고 있던거 아니야?,월루,월식,월담,월간,월루
다음 중 '자낳괴'의 의미는?,자본주의가 낳은 괴물,자식을 낳으면 괴롭다,자본주의가 낳은 괴물,자연이 낳은 괴생명체,자유롭게 날아다니면 괴로움은 사라져
'혼코노족'과 가장 관련성이 높은 것은 무엇일까요?,노래방,코딩,코피,노래방,노동
다음 중 '얼죽코'의 쓰임이 가장 자연스러운 상황을 고르세요.,멋부리느라 매일 얼죽코지?,얼큰하게 얼죽코 한 그릇 어때?,울라프는 코가 얼죽코야,얼죽코로 한 대 맞을래?,멋부리느라 매일 얼죽코지?
다음 중 '네넴띤'의 쓰임이 가장 자연스러운 상황을 고르세요,네넴띤에 소스를 더 넣어서 먹으면 정말 맛있어,네넴띤에 소스를 더 넣어서 먹으면 정말 맛있어,대답은 네넴띤으로 하자,내 친구 나이는 네넴띤,아 걔는 좀 네넴띤이더라
뜻밖에 일어난 큰 변고나 사건,청천벽력 (靑天霹靂),용두사미 (龍頭蛇尾),낭중지추 (囊中之錐),청천벽력 (靑天霹靂),
부화뇌동(附和雷同)의 뜻은?,남의 의견에 따라 움직임,남의 뜻이나 의견을 높임,남의 요구나 의견을 거절함,남의 의견에 따라 움직임,
신출귀몰(神出鬼沒)의 뜻은?,자유자재로 나타나고 사라짐,자유자재로 나타나고 사라짐,영원히 멸망하거나 사라짐,갑자기 사라져 없어지는 모양,
금의환향(錦衣還鄕)의 뜻은?,출세를 하여 고향에 돌아가거나 돌아옴,고향을 잊지 못하고 그리워하는 정,살아서 고향 땅으로 돌아가거나 돌아옴,출세를 하여 고향에 돌아가거나 돌아옴,
경천동지(驚天動地)의 뜻은?,세상을 몹시 놀라게 함,뜻밖의 일로 깜짝 놀람,거짓으로 놀라는 체함,세상을 몹시 놀라게 함,
격세지감(隔世之感)의 뜻은?,아주 바뀐 다른 세상이 된 것 같은 느낌,죽음을 앞두고 살아온 인생에 대해 느끼는 감정,이리저리 흩어지고 찢기어 갈피를 잡을 수 없음,아주 바뀐 다른 세상이 된 것 같은 느낌,
산전수전(山戰水戰)의 뜻은?,세상의 온갖 고생과 어려움을 다 겪었음,자신이 실제로 해 보거나 겪어 봄,객지에서 겪는 고생의 쓰라린 맛,세상의 온갖 고생과 어려움을 다 겪었음,
과유불급(過猶不及)의 뜻은?,정도를 지나침은 미치지 못함과 같다,정도를 지나침은 미치지 못함과 같다,사건의 크기나 규모가 보통 정도를 훨씬 넘음,술판을 벌여 놓고 지나치게 마시며 노는 기풍,
촌철살인(寸鐵殺人)의 뜻은?,간단한 말로 남을 감동시키거나 약점을 찌름,간단한 말로 남을 감동시키거나 약점을 찌름,자기의 몸을 희생해 옳은 도리를 행함,흠을 고치려다 수단이 지나쳐 도리어 일을 그르침,
세월이 빨리 흘러감,오비토주 (烏飛兔走),종회여류 (從懷如流),오비토주 (烏飛兔走),세세연년 (歲歲年年),세가월증 (歲加月增)
띄어쓰기가 맞는 것은?,쌀 가격이 안정을 되찾았다.,쌀 가격이 안정을 되찾았다.,쌀가격이 안정을 되찾았다.,,
띄어쓰기가 맞는 것은?,아이는 내 표정을 따라 했다.,아이는 내 표정을 따라했다.,아이는 내 표정을 따라 했다.,,
띄어쓰기가 맞는 것은?,당신과 함께 살고 싶어요.,당신과 함께 살고 싶어요.,당신과 함께 살고싶어요.,,
띄어쓰기가 맞는 것은?,기름값이 다시 오르는 추세다.,기름값이 다시 오르는 추세다.,기름 값이 다시 오르는 추세다.,,
띄어쓰기가 맞는 것은?,물건 가격이 소폭 감소했다.,물건 가격이 소폭 감소했다.,물건가격이 소폭 감소했다.,,
띄어쓰기가 맞는 것은?,너를 영원히 사랑할 거야.,너를 영원히 사랑할거야.,너를 영원히 사랑할 거야.,,
띄어쓰기가 맞는 것은?,그런 소리 하지 마.,그런 소리 하지 마.,그런 소리 하지마.,,
띄어쓰기가 맞는 것은?,다음 번은 네 차례다.,다음 번은 네 차례다.,다음번은 네 차례다.,,
맞는 띄어쓰기는?,주스 한 모금,주스 한 모금,주스 한모금,,
띄어쓰기가 맞는 것은?,너부터 먼저 먹어라.,너 부터 먼저 먹어라.,너부터 먼저 먹어라.,,
'바라보다'와 뜻이 다른 단어는?,생기보다,관망하다,생기보다,응시하다,내다보다
'감싸다'와 뜻이 다른 단어는?,휘젓다,보호하다,편애하다,휘감다,휘젓다
'속이다'와 뜻이 다른 단어는?,착안하다,농간하다,공갈하다,착안하다,호리다
'무난하다'와 뜻이 다른 단어는?,은은하다,수수하다,수월하다,은은하다,용이하다
'구하다'와 뜻이 다른 단어는?,갈골하다,갈망하다,갈골하다,희구하다,물색하다
'내던지다'와 뜻이 다른 단어는?,받치다,박차다,내동댕이치다,뱉다,받치다
'붙잡다'와 뜻이 다른 단어는?,부착하다,만류하다,체포하다,포착하다,부착하다
'밑바탕'과 뜻이 다른 단어는?,본선,본체,본선,본의,본성
'세세하다'와 뜻이 다른 단어는?,종요롭다,미천하다,종요롭다,세밀하다,상세하다
'끝내다'와 뜻이 다른 단어는?,기리다,마무리하다,종결하다,기리다,이루다
띄어쓰기가 맞는 것은?,여행을 갈 것이다.,여행을 갈 것이다.,여행을 갈 것 이다.,,
띄어쓰기가 맞는 것은?,네가 살펴보았듯이 별로야.,네가 살펴보았듯이 별로야.,네가 살펴보았 듯이 별로야.,,
띄어쓰기가 맞는 것은?,기름 가격이 다시 오르는 추세다.,기름가격이 다시 오르는 추세다.,기름 가격이 다시 오르는 추세다.,,
띄어쓰기가 맞는 것은?,저런 게 있는지 몰랐어요.,저런게 있는지 몰랐어요.,저런 게 있는지 몰랐어요.,,
띄어쓰기가 맞는 것은?,그는 예고 없이 찾아왔다.,그는 예고없이 찾아왔다.,그는 예고 없이 찾아왔다.,,
띄어쓰기가 맞는 것은?,가진 돈이 천 원밖에 없다.,가진 돈이 천 원밖에 없다.,가진 돈이 천 원 밖에 없다.,,
맞는 띄어쓰기는?,갈 거야,갈거야,갈 거야,,
맞는 띄어쓰기는?,인사드리다,인사드리다,인사 드리다,,
맞는 띄어쓰기는?,며칠째,며칠째,며칠 째,,
띄어쓰기가 맞는 것은?,그러면 할 수 없지.,그러면 할 수 없지.,그러면 할수 없지.,그러면 할수없지.,
서로 속마음을 털어놓고 친하게 사귐,간담상조 (肝膽相照),창해일속 (滄海一粟),간담상조 (肝膽相照),일취월장 (日就月將),
지난날의 잘못이나 허물을 고쳐 올바르고 착하게 됨,개과천선 (改過遷善),사시장춘 (四時長春),도청도설 (道聽塗說),개과천선 (改過遷善),적덕누선 (積德累善)
금지옥엽(金枝玉葉)의 뜻은?,귀한 자손을 이르는 말,귀한 자손을 이르는 말,가녀리고 가녀린 옥같은 손,세력 따위가 갑자기 기울거나 시듦,
고진감래(苦盡甘來)의 뜻은?,고생 끝에 즐거움이 옴,괴로움도 즐거움도 함께함,고생 끝에 즐거움이 옴,온갖 힘을 다 들여 고생한 끝에 겨우 찾아냄,
천인공노(天人共怒)의 뜻은?,누구나 분노할 만큼 증오스럽거나 용납할 수 없음,용납할 수도 없고 그렇다고 그대로 둘 수도 없음,서로 적대 관계에 있는 사람을 상대편이 증오함,누구나 분노할 만큼 증오스럽거나 용납할 수 없음,
사근취원(捨近取遠)의 뜻은?,일의 순서나 차례를 바꾸어서 함,일의 순서를 찾지 못하고 있음,일의 순서나 차례를 바꾸어서 함,순서에 의하지 않고 거꾸로 일을 함,
중과부적(衆寡不敵)의 뜻은?,적은 수효로 많은 수효를 대적하지 못함,적은 수효로 많은 수효를 대적하지 못함,무엇으로도 능히 대적할 수 없음,담력이 크고 용감하여 대적할 자가 없음,
풍전등화(風前燈火)의 뜻은?,사물이 매우 위태로운 처지에 놓여 있음,무엇을 하는 데에 목표로 삼는 등불,죽고 사는 것이 달린 매우 위태로운 고비,사물이 매우 위태로운 처지에 놓여 있음,
지식과 행동이 서로 맞음,지행합일 (知行合一),사즉동혈 (死則同穴),견리사의 (見利思義),지행합일 (知行合一),
말은 느려도 실제 행동은 재빠르고 능란함,눌언민행 (訥言敏行),눌언민행 (訥言敏行),기호지세 (騎虎之勢),만강혈성 (滿腔血誠),
올바른 외래어 표기는?,트렌드,트랜드,트렌드,,
올바른 외래어 표기는?,산타클로스,산타클로스,산타크로스,산타크로즈,
올바른 외래어 표기는?,타월,타월,타올,,
올바른 외래어 표기는?,차트,챠트,차트,,
올바른 외래어 표기는?,미스터리,미스터리,미스테리,,
올바른 외래어 표기는?,벤치,벤취,벤치,,
올바른 외래어 표기는?,스트로,스트로,스트로우,,
올바른 외래어 표기는?,액세서리,액세사리,악세사리,액세서리,악세서리
올바른 외래어 표기는?,냅킨,냅킨,내프킨,,
올바른 외래어 표기는?,타깃,타깃,타겟,타게트,
'깜냥깜냥'의 뜻으로 알맞은 것은?,자신의 힘을 다하여,하루 시간을 다 써서,자신의 힘을 다하여,아주 빠른 속도로,
어린 꽃봉오리가 꽃을 피우기 위해 망울이 생기다,벙글다,옹글다,궁글다,몽글다,벙글다
'가게내기'의 뜻으로 알맞은 것은?,미리 만들어 가게에 내놓고 파는 물건,조그맣게 차린 가게,가게가 죽 늘어서 있는 거리,미리 만들어 가게에 내놓고 파는 물건,가게를 운영하는 사람을 낮잡아 이르는 말
무엇이든지 잘 아는 체하는 사람,안다니,시치미,매나니,안다미,안다니
생각이나 뜻이 크고 넓다,웅숭깊다,깊디깊다,호박하다,크넓다,웅숭깊다
'매나니'의 뜻으로 알맞은 것은?,아무 도구도 가지지 아니하고 맨손뿐인 것,아무 도구도 가지지 아니하고 맨손뿐인 것,직함 따위를 생략한 채로 그냥 부르는 이름,아무것도 가진 것이 없는 가난뱅이가 된 사람,여러 개의 끈을 허리에 동여맨 남자 아이
한쪽으로 틀다,외틀다,배틀다,외틀다,안틀다,되틀다
'거방지다'의 뜻으로 알맞은 것은?,하는 짓이 점잖고 무게가 있다,잘난 체하거나 남을 낮추어 보듯이 행동하는 데가 있다,경솔하여 생각 없이 망령되게 행동하다,"감정, 태도, 분위기 따위가 정답고 포근하다",하는 짓이 점잖고 무게가 있다
'귀잠'의 뜻으로 알맞은 것은?,아주 깊이 든 잠,짧은 시간안에 드는 잠,아주 깊이 든 잠,근심 없이 편하게 자는 잠,잠에서 깼다가 다시 든 잠
일을 어그러지게 하다,배틀다,배틀다,외틀다,안틀다,되틀다
수복강녕(壽福康寧)의 뜻은?,오래 살고 복을 누리며 건강하고 평안함,오래 살고 복을 누리며 건강하고 평안함,오래 살고 하는 일이 번성함,하늘이 준 복을 평안하게 누림,
대의멸친(大義滅親)의 뜻은?,큰 도리를 지키려고 부모나 형제도 돌아보지 않음,작은 것을 탐하다가 오히려 큰 것을 잃음,큰 도리를 지키려고 부모나 형제도 돌아보지 않음,사람으로서 마땅히 지켜야 할 중대한 의리와 명분,
무위자연(無爲自然)의 뜻은?,사람의 힘을 더하지 않은 그대로의 자연,자연이나 자연법칙을 따르는 것,막힌 데 없이 자연 그대로 자유로운 일,사람의 힘을 더하지 않은 그대로의 자연,
삼일천하(三日天下)의 뜻은?,정권을 잡았다가 짧은 기간 내에 밀려남,결심이 얼마 되지 않아 흐지부지 됨,인재를 얻기 위해 참을성 있게 노력함,정권을 잡았다가 짧은 기간 내에 밀려남,
수수방관(袖手傍觀)의 뜻은?,간섭하거나 거들지 아니하고 그대로 버려둠,간섭하거나 거들지 아니하고 그대로 버려둠,오랫동안 쓰지 않고 버려둠,방을 쓰지 아니하고 버려둠,
중언부언(重言復言)의 뜻은?,이미 한 말을 자꾸 되풀이함,이미 한 말을 자꾸 되풀이함,나쁜 현상이 끊임없이 되풀이됨,되풀이하여 일어났다 쉬었다 함,
일촉즉발(一觸卽發)의 뜻은?,한 번만 건드려도 폭발할 듯한 위급한 상태,한 가지의 행동으로 두 가지의 이익을 봄,한 번만 건드려도 폭발할 듯한 위급한 상태,어떤 일을 머뭇거리지 아니하고 선뜻 결정함,
출세를 하여 고향에 돌아가거나 돌아옴,금의환향 (錦衣還鄕),도원결의 (桃園結義),극기복례 (克己復禮),금의환향 (錦衣還鄕),
고담방언(高談放言)의 뜻은?,아무 거리낌 없이 멋대로 소리를 높여 말함,어떤 주장이나 견해를 함께 소리 높여 말함,아무 거리낌 없이 멋대로 소리를 높여 말함,비방하는 말을 소리 높여 언급함,
봉두난발(蓬頭亂髮)의 뜻은?,머리털이 헙수룩하게 마구 흐트러짐,바짝 조였던 정신이 풀려 늦추어짐,머리털이 헙수룩하게 마구 흐트러짐,뭉쳐진 덩이가 자꾸 볼품없이 흐트러짐,
'어쨋건'과 '어쨌건' 어떤 것이 맞는 말?,어쨌건 그렇게 간단한 문제는 아니다.,어쨋건 그렇게 간단한 문제는 아니다.,어쨌건 그렇게 간단한 문제는 아니다.,,
'씻다'와 '씼다' 어떤 것이 맞는 말?,얼른 손 씻고 와서 밥 먹어라.,얼른 손 씼고 와서 밥 먹어라.,얼른 손 씻고 와서 밥 먹어라.,,
'샅샅이'와 '샅샅히' 어떤 것이 맞는 말?,집 안을 샅샅이 뒤지다.,집 안을 샅샅히 뒤지다.,집 안을 샅샅이 뒤지다.,,
'섣달그믐'과 '섣달그뭄' 어떤 것이 맞는 말?,섣달그믐 밤이 깊어 간다.,섣달그믐 밤이 깊어 간다.,섣달그뭄 밤이 깊어 간다.,,
'익숙지'와 '익숙치' 어떤 것이 맞는 말?,기계 조작에 익숙지 않다.,기계 조작에 익숙지 않다.,기계 조작에 익숙치 않다.,,
'쓸게'와 '쓸개' 어떤 것이 맞는 말?,너 간이랑 쓸개 다 빼줄 것처럼 굴지마라!,너 간이랑 쓸게 다 빼줄 것처럼 굴지마라!,너 간이랑 쓸개 다 빼줄 것처럼 굴지마라!,,
'금새'와 '금세' 어떤 것이 맞는 말?,생각보다 금세 괜찮아졌다.,생각보다 금새 괜찮아졌다.,생각보다 금세 괜찮아졌다.,,
'순조로와'와 '순조로워' 어떤 것이 맞는 말?,시작이 순조로워 기분이 좋습니다.,시작이 순조로와 기분이 좋습니다.,시작이 순조로워 기분이 좋습니다.,,
'차조'와 '찰조' 어떤 것이 맞는 말?,차조를 쌀과 섞어 먹었다.,찰조를 쌀과 섞어 먹었다.,차조를 쌀과 섞어 먹었다.,,
'짤리다'와 '잘리다' 어떤 것이 맞는 말?,다니던 직장에서 잘리다.,다니던 직장에서 잘리다.,다니던 직장에서 짤리다.,,
'아이디어'와 뜻이 다른 단어는?,해안,고안,꾀,해안,영감
'애쓰다'와 뜻이 다른 단어는?,귀애하다,힘쓰다,진력하다,공들이다,귀애하다
'무찌르다'와 뜻이 다른 단어는?,상미하다,상미하다,섬멸하다,격파하다,유린하다
'받아들이다'와 뜻이 다른 단어는?,용동하다,맞아들이다,영접하다,섭취하다,용동하다
'상하다'와 뜻이 다른 단어는?,쇠망하다,곯다,마르다,썩다,쇠망하다
'살며시'와 뜻이 다른 단어는?,귀히,고이,귀히,지그시,슬그머니
'보잘것없다'와 뜻이 다른 단어는?,그지없다,그지없다,쓸데없다,초라하다,빈약하다
'터지다'와 뜻이 다른 단어는?,애련하다,뚫리다,애끓다,째지다,애련하다
'반반하다'와 뜻이 다른 단어는?,빈빈하다,곱상하다,변변하다,빈빈하다,번번하다
'살붙이'와 뜻이 다른 단어는?,동맹,혈족,겨레,동맹,동족
다음 중 '비담'의 쓰임이 자연스러운 상황은?,얘가 여기서 비담이야,그거 다 니가 지불하려면 비담아니야?,비담은 우리만의 일이 아니야,얘가 여기서 비담이야,날씨가 안좋네 비담하려나?
'사딸라'와 가장 관련이 높은 것은?,김영철,샘 해밍턴,나영석,김영철,존 F 케네디
다음 중 '비담'의 쓰임이 자연스러운 상황은?,얘가 여기서 비담이야,그거 다 니가 지불하려면 비담아니야?,비담은 우리만의 일이 아니야,얘가 여기서 비담이야,날씨가 안좋네 비담하려나?
'소확횡'과 가장 관련성이 높은 것은 무엇일까요?,회사,회사,행복,한우,농사
여러분 모두 ?입니다,만반잘부,만반잘부,플렉스,꾸안꾸,펭수
'메불메'와 가장 관련성이 높은 것은 무엇일까요?,호날두,호날두,불매운동,메이크업,불고기
다음 중 '발컨' 한 사람은?,"코니 : 미안해, 나 때문에 지게 생겼네",브라운 : 야 거기서 그걸 그렇게 하면 어떡해!,"코니 : 미안해, 나 때문에 지게 생겼네",샐리 : 야 넌 좀 빠져 !,"레너드 : 왜 그래, 그럴수도 있지. 괜찮아!"
다음 중 '네넴띤'의 쓰임이 가장 자연스러운 상황을 고르세요,네넴띤에 소스를 더 넣어서 먹으면 정말 맛있어,네넴띤에 소스를 더 넣어서 먹으면 정말 맛있어,대답은 네넴띤으로 하자,내 친구 나이는 네넴띤,아 걔는 좀 네넴띤이더라
?에 무슨 그런말을 하고 그래!,이시국,이시국,이선좌,이생망,이크에크
다음 중 '싫존'의 쓰임이 가장 자연스러운 상황을 고르세요.,"아니, 그래도 내 취향이니까 싫존해줘",싫존주의의 대가 하이데거,"아니, 그래도 내 취향이니까 싫존해줘",나는 생각한다. 고로 싫존한다.,아 그건 너무너무 싫존!
생김새가 선이 굵고 시원시원한 모양,억실억실,이리이리,억실억실,늠씰늠씰,푸숭푸숭
'담상담상'의 뜻으로 알맞은 것은?,드물고 성긴 모양,휘휘 자꾸 젓는 모양,드물고 성긴 모양,이리저리 헤어지는 모양,큰 물체가 물에 잠기는 모양
여러 집이 한데 모여 이루어진 집단,두럭,두말,두럭,두멍,
'소록소록'의 뜻으로 알맞은 것은?,아기가 곱게 자는 모양,아기가 곱게 자는 모양,눈이 조용히 내리는 모양,담긴 물건이 볼록하게 많은 모양,바람이 가볍게 불어오는 모양
물을 끌어 올리기 위하여 위에서 붓는 물,마중물,붉덩물,우물물,마중물,나비물
남다른 도움이나 사랑을 받다,두남받다,두남받다,강종받다,아금받다,내리받다
중심을 잃고 한쪽으로 기울어지다,되똑하다,되똑하다,되울리다,되작이다,되알지다
입맛을 자꾸 짝짝 다시며 맛있게 먹다,짜금거리다,졸랑거리다,주억거리다,지금거리다,짜금거리다
억울한 누명이나 오명,덤터기,끌터기,마루터기,덤부랑,덤터기
가루 따위가 미세하고 곱다,몽글다,옹글다,궁글다,몽글다,벙글다
피골상접(皮骨相接)의 뜻은?,살가죽과 뼈가 맞붙을 정도로 몹시 마름,목 따위가 타는 듯이 몹시 마름,살가죽과 뼈가 맞붙을 정도로 몹시 마름,살가죽이나 어떤 기관이 부풀어 오름,
친구 사이의 매우 두터운 정,금란지계 (金蘭之契),천우신조 (天佑神助),금란지계 (金蘭之契),입신양명 (立身揚名),
입신양명(立身揚名)의 뜻은?,출세하여 이름을 세상에 떨침,출세하여 부모의 명예를 높임,세상에 떨치는 이름과 칭송받는 명예,출세하여 이름을 세상에 떨침,
수주대토(守株待兔)의 뜻은?,한 가지 일에만 얽매여 발전을 모르는 어리석은 사람,한 가지 일에만 얽매여 발전을 모르는 어리석은 사람,세상사에 어둡고 사람의 마음을 모르는 어리석은 사람,어리석은 것처럼 보이면서 속으로는 엉큼한 사람,
당장 편한 것만을 택하는 꾀나 방법,고식지계 (姑息之計),수복강녕 (壽福康寧),팔면영롱 (八面玲瓏),고식지계 (姑息之計),
반포지효(反哺之孝)의 뜻은?,자식이 자란 후에 어버이의 은혜를 갚는 효성,어버이의 은혜가 넓고 큰 하늘과 같음,선천적으로 타고난 지극한 효성,자식이 자란 후에 어버이의 은혜를 갚는 효성,
두문불출(杜門不出)의 뜻은?,집에만 있고 바깥출입을 아니함,집에만 있고 바깥출입을 아니함,나가야 할 자리에 나가지 않음,세상을 등지고 숨어 사는 것,
혹세무민(惑世誣民)의 뜻은?,세상을 어지럽히고 백성을 속임,같은 겨레끼리 서로 싸우고 죽임,세상을 어지럽히고 백성을 속임,세상을 깨우치고 사람들을 타이름,
교만하여 다른 사람을 업신여김,안하무인 (眼下無人),안하무인 (眼下無人),심술거복 (心術去福),하석상대 (下石上臺),
기세가 매우 높고 힘찬 모양,기세등등 (氣勢騰騰),명철보신 (明哲保身),낭중지추 (囊中之錐),기세등등 (氣勢騰騰),
어린아이가 듣기 싫게 자꾸 울다,빼빼거리다,배쓱거리다,쨍끗거리다,씀뻑거리다,빼빼거리다
잘못 들은 것이 아닌가 하고 귀를 기울이다,귀재다,귀솟음,귀울음,귀재다,귀나다
'벙글다'의 뜻으로 알맞은 것은?,어린 꽃봉오리가 꽃을 피우기 위해 망울이 생기다,열매가 매우 실속 있고 다부지다,어린 꽃봉오리가 꽃을 피우기 위해 망울이 생기다,알맹이 속이 부실하고 변변치 아니하다,낟알이 까끄라기나 허섭스레기가 붙지 않아 깨끗하다
입맛을 자꾸 짝짝 다시며 맛있게 먹다,짜금거리다,졸랑거리다,주억거리다,지금거리다,짜금거리다
'글마루'의 뜻으로 알맞은 것은?,글에서 본문에 해당하는 부분,글을 시작하는 첫 번째 글자,꽃으로 글을 장식한 것,글에서 본문에 해당하는 부분,벽에 써 붙이거나 새겨 넣은 글
'내광쓰광'의 뜻은?,만나도 모르는 체하며 냉정하게 대하는 모양,서로 옳으니 그르니 하며 다투는 모양,만나도 모르는 체하며 냉정하게 대하는 모양,사람을 대할 때 친밀감이 없이 예사로운 모양,거죽이 윤기가 흐르고 매우 매끄러운 모양
겸연쩍고 부끄럽다,열없다,가없다,낯없다,얼없다,열없다
일을 다잡아 해내는 솜씨,잡을손,잡을손,억짓손,지음새,한가락
'다잡이'의 뜻으로 알맞은 것은?,늦추어진 것을 바짝 잡아 죄는 일,서로 머리나 멱살을 움켜잡고 싸우는 짓,스스로 자기 자신을 망치는 일,어떤 일을 다시 새로 시작하는 일,늦추어진 것을 바짝 잡아 죄는 일
자신의 힘을 다하여,깜냥깜냥,꼬노꼬노,깜냥깜냥,섬마섬마,
낙화유수(落花流水)의 뜻은?,살림이나 세력이 약해져 아주 보잘것없이 됨,세월이 흐르는 물과 같이 한번 지나면 되돌아오지 않음,지나간 일이 흔적 없이 사라져 허무함,살림이나 세력이 약해져 아주 보잘것없이 됨,
귤화위지(橘化爲枳)의 뜻은?,환경에 따라 사람이나 사물의 성질이 변함,환경에 따라 사람이나 사물의 성질이 변함,아주 바뀐 다른 세상이 된 것 같은 느낌,아무리 높은 권세라도 오래가지 못함,
선견지명(先見之明)의 뜻은?,미리 앞을 내다보고 아는 지혜,많은 사람의 지혜와 능력,옛사람들이 쓴 지략이나 지혜,미리 앞을 내다보고 아는 지혜,
초지일관(初志一貫)의 뜻은?,처음에 세운 뜻을 끝까지 밀고 나감,행동하거나 밀고 나가는 기세가 강함,처음에 세운 뜻을 끝까지 밀고 나감,일을 다그쳐 냅다 밀고 나감,
망연자실(茫然自失)의 뜻은?,멍하니 정신을 잃음,멍하니 정신을 잃음,미처 생각할 겨를도 없이,말없이 마음속으로 생각함,
당장 편한 것만을 택하는 꾀나 방법,고식지계 (姑息之計),수복강녕 (壽福康寧),팔면영롱 (八面玲瓏),고식지계 (姑息之計),
백척간두(百尺竿頭)의 뜻은?,몹시 어렵고 위태로운 지경,마침내 원하던 바를 이룸,어떤 난관도 꿋꿋이 견딤,몹시 어렵고 위태로운 지경,
남의 말을 귀담아듣지 아니하고 흘려버림,마이동풍 (馬耳東風),마이동풍 (馬耳東風),만리동풍 (萬里同風),부급종사 (負笈從師),
천인공노(天人共怒)의 뜻은?,누구나 분노할 만큼 증오스럽거나 용납할 수 없음,용납할 수도 없고 그렇다고 그대로 둘 수도 없음,서로 적대 관계에 있는 사람을 상대편이 증오함,누구나 분노할 만큼 증오스럽거나 용납할 수 없음,
인과응보(因果應報)의 뜻은?,전생에 지은 선악에 따라 현재의 행과 불행이 있는 일,인생에서 즐거운 일이 지나가면 슬픈 일이 닥쳐옴,전생에 지은 선악에 따라 현재의 행과 불행이 있는 일,지난날의 잘못을 고치어 착한 마음을 갖게 됨,
띄어쓰기가 맞는 것은?,어디서 굴러들어 왔는지 몰라.,어디서 굴러들어 왔는지 몰라.,어디서 굴러들어왔는지 몰라.,어디서 굴러 들어왔는지 몰라.,
띄어쓰기가 맞는 것은?,전 좌석 안전벨트,전 좌석 안전벨트,전좌석 안전벨트,,
띄어쓰기가 맞는 것은?,너부터 먼저 먹어라.,너 부터 먼저 먹어라.,너부터 먼저 먹어라.,,
띄어쓰기가 맞는 것은?,오랜만에 만난 동창들,오랜만에 만난 동창들,오랜 만에 만난 동창들,,
띄어쓰기가 맞는 것은?,물건 가격이 소폭 감소했다.,물건 가격이 소폭 감소했다.,물건가격이 소폭 감소했다.,,
맞는 띄어쓰기는?,기분 탓,기분탓,기분 탓,,
맞는 띄어쓰기는?,인사드리다,인사드리다,인사 드리다,,
띄어쓰기가 맞는 것은?,하루 만에 도착했습니다.,하루만에 도착했습니다.,하루 만에 도착했습니다.,,
띄어쓰기가 맞는 것은?,지금은 근무 중입니다.,지금은 근무중입니다.,지금은 근무 중입니다.,,
띄어쓰기가 맞는 것은?,불과 몇천 년 전에 일어난 일이다.,불과 몇천 년 전에 일어난 일이다.,불과 몇 천 년 전에 일어난 일이다.,,
눌언민행(訥言敏行)의 뜻은?,말은 느려도 실제 행동은 재빠르고 능란함,매우 느리게 말을 하거나 글을 읽는 모양,말은 느려도 실제 행동은 재빠르고 능란함,말을 재치 있고 능란하게 구사하는 능력,
타산지석(他山之石)의 뜻은?,하찮은 남의 언행도 자기수양에 도움이 될 수 있음,대의를 이루기 위해서 부귀영화를 돌보지 않음,하찮은 남의 언행도 자기수양에 도움이 될 수 있음,작은 힘도 거듭되면 뜻밖의 큰 일을 해낼 수 있음,
이합집산(離合集散)의 뜻은?,헤어졌다가 만나고 모였다가 흩어짐,헤어졌다가 만나고 모였다가 흩어짐,구름같이 모이고 안개같이 흩어짐,잠깐 만났다가 곧 헤어짐,
어진 사람의 마음씨를 이르는 말,선우후락 (先憂後樂),견물생심 (見物生心),선우후락 (先憂後樂),갑남을녀 (甲男乙女),
거두절미(去頭截尾)의 뜻은?,어떤 일의 요점만 간단히 말함,어떤 일의 요점만 간단히 말함,확신을 가지고 자신 있게 말함,한 마디로 잘라 말함,
다다익선(多多益善)의 뜻은?,많으면 많을수록 더욱 좋음,여러 가지로 일도 많고 어려움도 많음,생각과 느낌이 섬세하고 풍부함,많으면 많을수록 더욱 좋음,
기세등등(氣勢騰騰)의 뜻은?,기세가 매우 높고 힘찬 모양,기세가 몹시 사납고 세찬 정도,기세가 매우 높고 힘찬 모양,기세가 위엄 있고 떳떳함,
식자우환(識字憂患)의 뜻은?,학식이 있는 것이 오히려 근심을 사게 됨,나라 안팎의 여러 가지 어려운 사태,준비가 되어 있으면 우환을 당하지 않음,학식이 있는 것이 오히려 근심을 사게 됨,
경국지색(傾國之色)의 뜻은?,나라를 기울게 할 만큼 아름다운 미인,모양이나 종류가 다른 가지각색의 것,나라를 기울게 할 만큼 아름다운 미인,형체가 있는 모든 것은 모두 헛것임,
수복강녕(壽福康寧)의 뜻은?,오래 살고 복을 누리며 건강하고 평안함,오래 살고 복을 누리며 건강하고 평안함,오래 살고 하는 일이 번성함,하늘이 준 복을 평안하게 누림,
올바른 외래어 표기는?,멤버,맴버,멤버,,
올바른 외래어 표기는?,알루미늄,알미늄,알루미늄,알뤼미늄,
올바른 외래어 표기는?,라이선스,라이선스,라이센스,,
올바른 외래어 표기는?,컨소시엄,콘소시엄,컨소시엄,컨소시움,
올바른 외래어 표기는?,케이크,케익,케잌,케이크,
올바른 외래어 표기는?,콘텐츠,컨텐츠,콘텐츠,,
올바른 외래어 표기는?,드리블,드리볼,드리블,,
올바른 외래어 표기는?,앙케트,앙케트,앙케이트,,
올바른 외래어 표기는?,커닝,커닝,컨닝,,
올바른 외래어 표기는?,장르,쟝르,장르,,
족제비는 ? 보고 잡는다,꼬리,눈,귀,머리,꼬리
밤눈 어두운 말이 ? 듣고 따라간다,워낭 소리,노래 소리,워낭 소리,울음 소리,천둥 소리
바른말 하는 사람 ? 못 받는다,귀염,대우,인정,귀염,
뛰면 ? 이요 날면 ?,벼룩 - 파리,벼룩 - 파리,도둑 - 새,말 - 새,
말 안 하면 ?도 모른다,귀신,친구,귀신,누이,하늘
바늘구멍으로 ? 보기,하늘,바다,산,언덕,하늘
물어도 ? 썩어도 생치,준치,날치,준치,김치,
배추밭에 ?처럼 내던진다,개똥,소똥,개똥,말똥,쥐똥
? 무서워 장 못 담글까,구더기,시어머니,초파리,지렁이,구더기
닭 쫓던 개 ? 쳐다보듯,지붕,마당,지붕,마루,옆집
올바른 외래어 표기는?,메시지,메시지,메세지,,
올바른 외래어 표기는?,뷔페,부페,뷔페,,
올바른 외래어 표기는?,몽타주,몽타쥬,몽타주,,
올바른 외래어 표기는?,부르주아,부르주아,부루주아,부르조아,
올바른 외래어 표기는?,뷔페,부페,뷔페,,
올바른 외래어 표기는?,컨소시엄,콘소시엄,컨소시엄,컨소시움,
올바른 외래어 표기는?,소시지,소세지,쏘세지,소시지,쏘시지
올바른 외래어 표기는?,뷔페,뷔페,부페,부펫,
올바른 외래어 표기는?,프라이드 치킨,후라이드 치킨,프라이드 치킨,,
올바른 외래어 표기는?,냅킨,냅킨,내프킨,,
'웬지'와 '왠지' 어떤 것이 맞는 말?,왠지 익숙한 느낌이었다.,웬지 익숙한 느낌이었다.,왠지 익숙한 느낌이었다.,,
'상안가'와 '상한가' 어떤 것이 맞는 말?,최근 들어 그 주식이 상한가다.,최근 들어 그 주식이 상한가다.,최근 들어 그 주식이 상안가다.,,
'처박다'와 '쳐박다' 어떤 것이 맞는 말?,접시에 코를 처박고 게걸스럽게 먹었다.,접시에 코를 쳐박고 게걸스럽게 먹었다.,접시에 코를 처박고 게걸스럽게 먹었다.,,
'시시덕거리다'와 '히히덕거리다' 어떤 것이 맞는 말?,영희는 틈만 나면 친구와 시시덕거린다.,영희는 틈만 나면 친구와 시시덕거린다.,영희는 틈만 나면 친구와 히히덕거린다.,,
'새다'와 '새우다' 어떤 것이 맞는 말?,책을 읽다 밤을 새우다.,책을 읽다 밤을 새우다.,책을 읽다 밤을 새다.,,
'굳이'와 '구지' 어떤 것이 맞는 말?,굳이 할 필요가 있겠어?,굳이 할 필요가 있겠어?,구지 할 필요가 있겠어?,,
'새침떼기'와 '새침데기' 어떤 것이 맞는 말?,내 여자 친구는 새침데기.,내 여자 친구는 새침떼기.,내 여자 친구는 새침데기.,,
'낚시줄'와 '낚싯줄' 어떤 것이 맞는 말?,낚싯줄을 묶는 방법,낚시줄을 묶는 방법,낚싯줄을 묶는 방법,,
'커플이예요'와 '커플이에요' 어떤 것이 맞는 말?,우리는 커플이에요.,우리는 커플이에요.,우리는 커플이예요.,,
'흐뭇하다'와 '흐믓하다' 어떤 것이 맞는 말?,괜스레 내가 다 흐뭇하다.,괜스레 내가 다 흐뭇하다.,괜스레 내가 다 흐믓하다.,,
세차게 부는 바람의 기운,바람살,바람결,바람목,바람살,바람씨
'게염'의 뜻으로 알맞은 것은?,부러워하며 시샘하여 탐내는 마음,부러워하며 시샘하여 탐내는 마음,남을 꾀어서 좋지 아니한 길로 이끄려는 마음,갈피를 잡지 못하고 결정을 내리지 못하는 마음,
'사로잠'의 뜻으로 알맞은 것은?,마음을 놓지 못하고 조바심하며 자는 잠,비좁은 방에서 여럿이 모로 끼어 자는 잠,마음을 놓지 못하고 조바심하며 자는 잠,자야 할 시간이 아닌 때에 몰래 자는 잠,너무 피곤하여 아무 데서나 쓰러져 자는 잠
'뒤놀다'의 뜻으로 알맞은 것은?,한 곳에 붙어 있지 않고 이리저리 몹시 흔들리다,쉬어 가며 일을 천천히 하다,한 곳에 붙어 있지 않고 이리저리 몹시 흔들리다,다른 것과 서로 잘 어울리지 못하고 따로 놀다,
쉬어 가며 일을 천천히 하다,능놀다,막놀다,능놀다,휘놀다,넘놀다
'아근바근'의 뜻으로 알맞은 것은?,서로 마음이 맞지 아니하여 사이가 벌어지는 모양,소리 내어 야단스럽게 부르짖으며 우는 모양,서로 마음이 맞지 아니하여 사이가 벌어지는 모양,사람들이 좁은 곳에 모여 매우 붐비는 모양,무엇을 이루려고 애쓰거나 우기는 모양
넉넉하게 제대로 먹지 못하다,설먹다,설먹다,들먹다,얼러먹다,놓아먹다
그릇 위까지 수북하게 담은 밥,감투밥,구메밥,고두밥,가윗밥,감투밥
여러 집이 한데 모여 이루어진 집단,두럭,두말,두럭,두멍,
'든벌'의 뜻으로 알맞은 것은?,집 안에서만 입는 옷이나 신는 신발,집 안에서만 입는 옷이나 신는 신발,따로따로인 한 벌 한 벌,땅에 내리쬐는 볕,풀이 나 있는 들판
올바른 외래어 표기는?,플래카드,플래카드,플랜카드,플랭카드,
올바른 외래어 표기는?,렌터카,렌트카,렌탈카,렌터카,
올바른 외래어 표기는?,소시지,소세지,쏘세지,소시지,쏘시지
올바른 외래어 표기는?,타깃,타깃,타겟,타게트,
올바른 외래어 표기는?,콤플렉스,콤플렉스,컴플렉스,,
올바른 외래어 표기는?,앙케트,앙케트,앙케이트,,
올바른 외래어 표기는?,로켓,로켓,로케트,,
올바른 외래어 표기는?,코냑,꼬냑,코냑,,
올바른 외래어 표기는?,앙케트,앙케트,앙케이트,,
올바른 외래어 표기는?,팀워크,팀웍,팀워크,,
막걸리 거르려다 ?도 못 건진다,지게미,홍어,지게미,수건,탁배기
말은 할수록 늘고 ?은 할수록 준다,되질,품질,본질,되질,성질
번개가 잦으면 ? 을(를) 한다,천둥,천둥,장마,폭발,감전
눈은 있어도 ?이 없다,망울,눈썹,망울,중심,의지
여우가 죽으니까 ?가 슬퍼한다,토끼,늑대,고양이,토끼,사슴
?을(를) 열두 벌 입어도 보일 것은 다 보인다,고쟁이,마고자,속적삼,저고리,고쟁이
범 아가리에 ? 넣은 셈,날고기,불고기,날고기,간고기,양고기
아이 보는 데는 ?도 못 먹는다,찬물,찬물,고기,술,
밤눈 어두운 말이 ? 듣고 따라간다,워낭 소리,노래 소리,워낭 소리,울음 소리,천둥 소리
바른말 하는 사람 ? 못 받는다,귀염,대우,인정,귀염,
하는 짓이 점잖고 무게가 있다,거방지다,거방지다,가탈지다,우거지다,둔덕지다
이러니저러니 하고 시비를 가리는 모양,왕배덕배,야불답백,다불다불,너더댓새,왕배덕배
자세히 모르고 대강 또는 반쯤만 알다,데알다,데알다,낯알다,철알다,
꼿꼿이 앉은 채로 자는 잠,말뚝잠,귀잠,발편잠,벼룩잠,말뚝잠
'하늬바람'의 뜻으로 알맞은 것은?,서쪽에서 부는 바람,동쪽에서 부는 바람,서쪽에서 부는 바람,남쪽에서 부는 바람,북쪽에서 부는 바람
'꺼끄러기'의 뜻으로 알맞은 것은?,낟알 껍질에 붙은 껄끄러운 수염,골라내거나 잘라 내고 남은 나머지,음식물에서 생긴 구더기,낟알 껍질에 붙은 껄끄러운 수염,쓸 만한 것을 골라내고 남은 물건
가는 곳마다 빼지 않고 모두,간데족족,간데족족,가무족족,구들직장,모두걸기
'검세다'의 뜻으로 알맞은 것은?,성질이 질기고 억세다,몸이 굳고 억세다,매우 단단하고 힘이 세다,성질이 질기고 억세다,세차게 치다
정해진 수량 이외에 덧붙이는 물건,덧거리,덧거리,덧도리,덧물림,
'두남받다'의 뜻으로 알맞은 것은?,남다른 도움이나 사랑을 받다,위에서 아래로 향하여 받다,남다른 도움이나 사랑을 받다,남을 억지로 자기에게 복종시키다,말이나 행동이 약빠르고 밉다
남의 학식이나 재주가 놀랄 만큼 부쩍 늚,괄목상대 (刮目相對),산궁수진 (山窮水盡),수주대토 (守株待兔),괄목상대 (刮目相對),
하늘이 갖추고 있는 네 가지 덕,원형이정 (元亨利貞),원형이정 (元亨利貞),사시장춘 (四時長春),조삼모사 (朝三暮四),
권불십년(權不十年)의 뜻은?,아무리 높은 권세라도 오래가지 못함,아무리 높은 권세라도 오래가지 못함,오래 전부터 친히 사귀어 온 친구,외부와 접촉을 끊고 학문에 정진함,
일거양득(一擧兩得)의 뜻은?,한 가지의 일로 두 가지의 이익을 봄,바라던 일이 이루어져서 우쭐거리며 뽐냄,많이 생각할수록 좋은 것을 얻음,한 가지의 일로 두 가지의 이익을 봄,
백년가약(百年佳約)의 뜻은?,부부가 되어 평생을 같이 지낼 것을 다짐하는 언약,언제나 깍듯하게 대해야 하는 어려운 손님,오랫동안 기다려도 바라는 것이 이루어질 수 없음,부부가 되어 평생을 같이 지낼 것을 다짐하는 언약,
말은 느려도 실제 행동은 재빠르고 능란함,눌언민행 (訥言敏行),눌언민행 (訥言敏行),기호지세 (騎虎之勢),만강혈성 (滿腔血誠),
난처한 일이나 불행한 일이 잇따라 일어남,설상가상 (雪上加霜),설상가상 (雪上加霜),사분오열 (四分五裂),새옹지마 (塞翁之馬),
목불인견(目不忍見)의 뜻은?,눈앞에 벌어진 상황을 눈 뜨고는 차마 볼 수 없음,눈앞에 벌어진 상황을 눈 뜨고는 차마 볼 수 없음,차마 볼 수 없을 정도로 우습고 거슬림,위험이 눈앞에 닥쳐 매우 절박함,
적수공권(赤手空拳)의 뜻은?,아무것도 가진 것이 없음,아무 소용이 없는 물건,아무것도 가진 것이 없음,항상 책을 쥐고 놓지 아니함,
피골상접(皮骨相接)의 뜻은?,살가죽과 뼈가 맞붙을 정도로 몹시 마름,목 따위가 타는 듯이 몹시 마름,살가죽과 뼈가 맞붙을 정도로 몹시 마름,살가죽이나 어떤 기관이 부풀어 오름,
'쌍둥이'와 '쌍동이' 어떤 것이 맞는 말?,쌍둥이,쌍둥이,쌍동이,,
올바른 표기는?,김치볶음밥으로 주세요.,김치뽁음밥으로 주세요.,김치뽂음밥으로 주세요.,김치볶음밥으로 주세요.,
'짖밟히다'와 '짓밟히다' 어떤 것이 맞는 말?,성난 발길에 짓밟히다.,성난 발길에 짓밟히다.,성난 발길에 짖밟히다.,,
'통털어'와 '통틀어' 어떤 것이 맞는 말?,남녀 통틀어 최고이다.,남녀 통털어 최고이다.,남녀 통틀어 최고이다.,,
'뒤받침'과 '뒷받침' 어떤 것이 맞는 말?,경제적 뒷받침,경제적 뒤받침,경제적 뒷받침,,
'번번히'와 '번번이' 어떤 것이 맞는 말?,약속을 번번이 어기다.,약속을 번번히 어기다.,약속을 번번이 어기다.,,
'적당량'과 '적당양' 어떤 것이 맞는 말?,적당량을 섭취하세요.,적당량을 섭취하세요.,적당양을 섭취하세요.,,
'얼떨결'과 '얼떨김' 어떤 것이 맞는 말?,얼떨결에 같이 가기로 결정했다.,얼떨결에 같이 가기로 결정했다.,얼떨김에 같이 가기로 결정했다.,,
'자국눈'과 '자취눈' 어떤 것이 맞는 말?,간밤에 자국눈이 내렸대.,간밤에 자국눈이 내렸대.,간밤에 자취눈이 내렸대.,,
'인상율'과 '인상률' 어떤 것이 맞는 말?,임금 인상률이 상승한다.,임금 인상률이 상승한다.,임금 인상율이 상승한다.,,
고기는 안 잡히고 ?만 잡힌다,송사리,소라,돌맹이,해초,송사리
봄볕은 ? 쬐이고 가을볕은 ? 쬐인다,며느리 - 딸,딸 - 며느리,며느리 - 딸,,
앉아 주고 ? 받는다,서서,되로,말로,서서,몰래
일각이 ? 같다,삼추,삼월,삼각,삼추,중추
불난 데서 ? 한다,불이야,불이야,비나이다,불구경,
아이는 ? 낳아서 크게 길러라,작게,얼른,작게,많이,
죄지은 놈 원님 ?에다 큰절을 한다,돗자리,빈자리,돗자리,앞자리,끝자리
입맛 나자 ? 떨어진다,노수,쌀,노수,콩,그릇
? 뚜껑으로 물 떠먹은 셈,요강,주전자,냄비,가마,요강
바람 따라 ?을 단다,돛,돛,줄,금,창
'제잡이'의 뜻으로 알맞은 것은?,스스로 자기 자신을 망치는 일,어떤 일의 방향을 잡는 일,스스로 자기 자신을 망치는 일,길을 인도해 주는 사람,어떤 일을 처음 시작하는 사람
'아금받다'의 뜻으로 알맞은 것은?,야무지고 다부지다,남을 억지로 자기에게 복종시키다,탐탁하고 살뜰한 데가 있다,가냘프고 약하다,야무지고 다부지다
물건 따위를 겹쳐 놓는 모양,포갬포갬,포호함포,포갬포갬,겹친이음,
'된비알'의 뜻으로 알맞은 것은?,몹시 험한 비탈,길흉화복을 예언하여 적은 기록,깊이 감추어진 내막의 비밀,몹시 험한 비탈,깎아 세운 듯한 돌의 언덕
복잡하고 까다로운 조건이 생기다,가탈지다,거방지다,가탈지다,무면지다,오라지다
밤이나 도토리 따위의 속껍질,보늬,갈삭,보늬,나께,준율
정원 한옆에 둥글거나 모지게 만든 꽃밭,모둠꽃밭,살피꽃밭,모둠꽃밭,올림꽃밭,
'에누리'의 뜻으로 알맞은 것은?,값을 깎는 일,값을 깎는 일,덤으로 주는 일,잔돈을 주는 일,
'보늬'의 뜻으로 알맞은 것은?,밤이나 도토리 따위의 속껍질,칡덩굴의 속껍질로 만든 굵은 밧줄,밤이나 도토리 따위의 속껍질,명주실로 짠 피륙의 하나,익히거나 말리거나 하지 아니한 밤
갈피를 잡을 수 없도록 마구 지껄이는 모양,콩팔칠팔,콩팔칠팔,홀랑이질,소바리짐,
'바뀌었다'와 '바꼈다' 어떤 것이 맞는 말?,그녀의 눈매가 바뀌었다.,그녀의 눈매가 바뀌었다.,그녀의 눈매가 바꼈다.,,
'몹슬'과 '몹쓸' 어떤 것이 맞는 말?,몹쓸 소리는 하지 말아라.,몹슬 소리는 하지 말아라.,몹쓸 소리는 하지 말아라.,,
'송골송골'과 '송글송글' 어떤 것이 맞는 말?,이마에 땀방울이 송골송골 맺혔다.,이마에 땀방울이 송글송글 맺혔다.,이마에 땀방울이 송골송골 맺혔다.,,
'쏱다'와 '쏟다' 어떤 것이 맞는 말?,바구니에 있는 감자를 쏟았다.,바구니에 있는 감자를 쏟았다.,바구니에 있는 감자를 쏱았다.,,
'홀몸'과 '혼잣몸' 어떤 것이 맞는 말?,그는 홀몸으로 상경했다.,그는 혼잣몸으로 상경했다.,그는 홀몸으로 상경했다.,,
'간지르다'와 '간질이다' 어떤 것이 맞는 말?,동생 옆구리를 간질이다.,동생 옆구리를 간질이다.,동생 옆구리를 간지르다.,,
'유도신문'과 '유도심문' 어떤 것이 맞는 말?,재판장은 유도신문을 질책했다.,재판장은 유도신문을 질책했다.,재판장은 유도심문을 질책했다.,,
'빼뚤어지다'와 '빼두러지다' 어떤 것이 맞는 말?,네가 그은 줄이 빼뚤어졌더라.,네가 그은 줄이 빼뚜러졌더라.,네가 그은 줄이 빼뚤어졌더라.,,
'결제'와 '결재' 어떤 것이 맞는 말?,부탁하신 결재 서류가 없습니다.,부탁하신 결재 서류가 없습니다.,부탁하신 결제 서류가 없습니다.,,
'썩이다'와 '썩히다' 어떤 것이 맞는 말?,부모 속을 썩이는 자식,부모 속을 썩이는 자식,부모 속을 썩히는 자식,,
'연구하다'와 뜻이 다른 단어는?,골중하다,강구하다,골중하다,고구하다,탐구하다
'놀라다'와 뜻이 다른 단어는?,질타하다,경탄하다,당황하다,아연실색하다,질타하다
'손대다'와 뜻이 다른 단어는?,수기하다,수기하다,건드리다,착수하다,관계하다
'고르다'와 뜻이 다른 단어는?,밀경하다,선발하다,밀경하다,점지하다,물색하다
'변화하다'와 뜻이 다른 단어는?,농변하다,변환하다,전이하다,변동하다,농변하다
'보태다'와 뜻이 다른 단어는?,환산하다,가산하다,환산하다,메우다,거들다
'흔들리다'와 뜻이 다른 단어는?,거드럭거리다,털럭거리다,요동하다,거드럭거리다,나부끼다
'의지하다'와 뜻이 다른 단어는?,격자하다,격자하다,붙어살다,의탁하다,빙자하다
'부드럽다'와 뜻이 다른 단어는?,영합하다,녹녹하다,원활하다,물렁하다,영합하다
'애쓰다'와 뜻이 다른 단어는?,귀애하다,힘쓰다,진력하다,공들이다,귀애하다
어린아이 ? 꺾은 것 같다,팔,기,손,팔,꿈
정신은 빼어서 ?에 차고 있다,꽁무니,옆구리,꽁무니,바지춤,
? 무서워 장 못 담글까,구더기,시어머니,초파리,지렁이,구더기
머리털을 베어 ?을 삼다,신발,가발,손발,신발,사발
바늘구멍으로 ? 보기,하늘,바다,산,언덕,하늘
정담도 길면 ?이 생긴다,잔말,감정,싸움,잔말,애정
자는 입에 ? 떨어 넣기,콩가루,콩가루,콩자반,밀가루,밀기울
다 된 농사에 ? 들고 덤빈다,낫,낫,호미,바구니,곡괭이
아이는 ? 낳아서 크게 길러라,작게,얼른,작게,많이,
이가 ?보다 낫다,자식,자식,친구,남편,아내
안하무인(眼下無人)의 뜻은?,교만하여 다른 사람을 업신여김,교만하여 다른 사람을 업신여김,교만하여 세상을 업신여김,아랫사람이 윗사람을 업신여김,
줏대 없이 남의 의견에 따라 움직임,부화뇌동 (附和雷同),부화뇌동 (附和雷同),만리동풍 (萬里同風),교언영색 (巧言令色]),
눌언민행(訥言敏行)의 뜻은?,말은 느려도 실제 행동은 재빠르고 능란함,매우 느리게 말을 하거나 글을 읽는 모양,말은 느려도 실제 행동은 재빠르고 능란함,말을 재치 있고 능란하게 구사하는 능력,
동심협력(同心協力)의 뜻은?,마음을 같이하여 서로 도움,힘을 합하여 서로 도움,서로 사랑하며 도움,마음을 같이하여 서로 도움,
살림이나 세력이 약해져 아주 보잘것없이 됨,낙화유수 (落花流水),하석상대 (下石上臺),읍참마속 (泣斬馬謖),낙화유수 (落花流水),
언중유골(言中有骨)의 뜻은?,예사로운 말 속에 단단한 속뜻이 들어 있음,형제나 같은 민족끼리 서로 다툼,고마움이 뼈에까지 사무쳐 잊지 못함,예사로운 말 속에 단단한 속뜻이 들어 있음,
후안무치(厚顔無恥)의 뜻은?,뻔뻔스러워 부끄러움이 없음,염치 없는 줄 알면서도 일을 행함,뻔뻔스러워 부끄러움이 없음,살기 어려우면 염치를 가리지 않음,
명불허전(名不虛傳)의 뜻은?,이름날 만한 까닭이 있음,이름이 널리 알려져 있음,이름날 만한 까닭이 있음,이름을 거짓으로 꾸며 댐,
중언부언(重言復言)의 뜻은?,이미 한 말을 자꾸 되풀이함,이미 한 말을 자꾸 되풀이함,나쁜 현상이 끊임없이 되풀이됨,되풀이하여 일어났다 쉬었다 함,
기세가 매우 높고 힘찬 모양,기세등등 (氣勢騰騰),명철보신 (明哲保身),낭중지추 (囊中之錐),기세등등 (氣勢騰騰),
'버젓히'와 '버젓이' 어떤 것이 맞는 말?,현수막이 버젓이 걸려 있었다.,현수막이 버젓히 걸려 있었다.,현수막이 버젓이 걸려 있었다.,,
'짝짜꿍'과 '짝짝꿍' 어떤 것이 맞는 말?,엄마 앞에서 짝짜꿍.,엄마 앞에서 짝짜꿍.,엄마 앞에서 짝짝꿍.,,
'베짱'과 '배짱' 어떤 것이 맞는 말?,그 정도 배짱은 필수다.,그 정도 배짱은 필수다.,그 정도 베짱은 필수다.,,
'좋은 데가'와 '좋은 대가' 어떤 것이 맞는 말?,경치 좋은 데가 어디 있을까?,경치 좋은 데가 어디 있을까?,경치 좋은 대가 어디 있을까?,,
'출산률'과 '출산율' 어떤 것이 맞는 말?,출산율이 올라가고 있다.,출산률이 올라가고 있다.,출산율이 올라가고 있다.,,
'이자율'과 '이자률' 어떤 것이 맞는말?,적금 이자율이 궁금하다.,적금 이자율이 궁금하다.,적금 이자률이 궁금하다.,,
'껍질'과 '껍데기' 어떤 것이 맞는 말?,달걀 껍데기는 따로 버려요.,달걀 껍질은 따로 버려요.,달걀 껍데기는 따로 버려요.,,
'아둥바둥'과 '아등바등' 어떤 것이 맞는 말?,아등바등 살고 있다.,아둥바둥 살고 있다.,아등바등 살고 있다.,,
'빼뚤어지다'와 '빼두러지다' 어떤 것이 맞는 말?,네가 그은 줄이 빼뚤어졌더라.,네가 그은 줄이 빼뚜러졌더라.,네가 그은 줄이 빼뚤어졌더라.,,
'오랜만'과 '오랫만' 어떤 것이 맞는 말?,송년회에서 오랜만에 만난 친구들.,송년회에서 오랫만에 만난 친구들.,송년회에서 오랜만에 만난 친구들.,,
다음 중 '두쿵'을 대체할 수 있는 표현을 고르세요.,심쿵,심쿵,편두통,둥기둥기,비담
'반신'과 가장 관련성이 높은 것은 무엇일까요?,존중,욕조,존중,상체,사고
다음 중 '고나리자'의 쓰임이 자연스러운 상황은?,학교에 고나리자 한 명 있어.,액자 속 눈썹이 없는 고나리자,너 왜 엄마한테 고나리자,초원을 뛰노는 고나리자 한 마리,학교에 고나리자 한 명 있어.
다음 중 '갑통알'의 의미는?,갑자기 통장 보니 알바해야 할 것 같음,갑자기 통통해진 알바생,갑자기 통장 보니 알바해야 할 것 같음,갑자기 알통이 생김,갑자기 통장에 알 수 없는 돈이 들어옴
다음 중 '불소'의 의미는?,불타는 소통,불타는 소고기,불로 소득,불고기맛 소세지,불타는 소통
'구취'와 가장 관련성이 높은 것은 무엇일까요?,구독자,구독자,취향 존중,비둘기,취미
'미먼'과 가장 관련성이 높은 것은 무엇일까요?,대기,미래,방송,로봇,대기
?하면 400만원이야!,영끌,처돌이,혼코노,오저치고,영끌
여기 너무 예쁘다! 분위기 진짜 ?,와우내,와우내,이생망,누물보,자낳괴
내 최애는 ?야,애빼시,이시국,이선좌,애빼시,누물보
'바라보다'와 뜻이 다른 단어는?,생기보다,관망하다,생기보다,응시하다,내다보다
'쪼개다'와 뜻이 다른 단어는?,둥개다,뻐개다,짜개다,가르다,둥개다
'떠들다'와 뜻이 다른 단어는?,중얼거리다,퍼트리다,술렁거리다,중얼거리다,왁자지껄하다
'약속하다'와 뜻이 다른 단어는?,계교하다,상약하다,맹약하다,계교하다,약정하다
'빈틈없다'와 뜻이 다른 단어는?,여념없다,면밀하다,원숙하다,여념없다,알뜰하다
'슬그머니'와 뜻이 다른 단어는?,스리,고즈넉이,넌지시,스리,슬며시
'쏠리다'와 뜻이 다른 단어는?,쏠락대다,몰리다,끌리다,쏠락대다,지향하다
'벗어나다'와 뜻이 다른 단어는?,안고나다,안고나다,해방되다,빗나가다,탈피하다
'드세다'와 뜻이 다른 단어는?,두둑하다,두둑하다,당당하다,굳세다,힘차다
'뒤집다'와 뜻이 다른 단어는?,뒤지다,번복하다,뒤지다,홉뜨다,헤집다
'웅덩이'와 '웅뎅이' 어떤 것이 맞는 말?,비가 와서 웅덩이가 생겼다.,비가 와서 웅덩이가 생겼다.,비가 와서 웅뎅이가 생겼다.,,
'버젓히'와 '버젓이' 어떤 것이 맞는 말?,현수막이 버젓이 걸려 있었다.,현수막이 버젓히 걸려 있었다.,현수막이 버젓이 걸려 있었다.,,
'벼르다'와 '별르다' 어떤 것이 맞는 말?,그는 단단히 벼르고 있다.,그는 단단히 별르고 있다.,그는 단단히 벼르고 있다.,,
'우연히'와 '우연이' 어떤 것이 맞는 말?,우연히 길에서 마주쳤다.,우연이 길에서 마주쳤다.,우연히 길에서 마주쳤다.,,
'따 놓은'과 '따논' 어떤 것이 맞는 말?,우승은 따 놓은 당상이다.,우승은 따논 당상이다.,우승은 따 놓은 당상이다.,,
'흐뭇하다'와 '흐믓하다' 어떤 것이 맞는 말?,괜스레 내가 다 흐뭇하다.,괜스레 내가 다 흐뭇하다.,괜스레 내가 다 흐믓하다.,,
'설레임'와 '설렘' 어떤 것이 맞는 말?,설렘을 느꼈다.,설레임을 느꼈다.,설렘을 느꼈다.,,
'띤다'와 '띈다' 어떤 것이 맞는 말?,노을은 붉은빛을 띤다.,노을은 붉은빛을 띤다.,노을은 붉은빛을 띈다.,,
'빈털털이'와 '빈털터리' 어떤 것이 맞는 말?,빈털터리 신세가 되었다.,빈털털이 신세가 되었다.,빈털터리 신세가 되었다.,,
'들어나다'와 '드러나다' 어떤 것이 맞는 말?,감춰진 진실이 드러났다.,감춰진 진실이 들어났다.,감춰진 진실이 드러났다.,,
맞는 띄어쓰기는?,운동장 열 바퀴,운동장 열 바퀴,운동장 열바퀴,,
띄어쓰기가 맞는 것은?,날아오기라도 할까 봐 겁먹다.,날아오기라도 할까 봐 겁먹다.,날아오기라도 할까봐 겁먹다.,,
띄어쓰기가 맞는 것은?,범인이 도망갔다.,범인이 도망갔다.,범인이 도망 갔다.,,
띄어쓰기가 맞는 것은?,내가 알던 바와는 다르다.,내가 알던 바와는 다르다.,내가 알던바와는 다르다.,,
띄어쓰기가 맞는 것은?,거짓말이 다 들통나 버렸다.,거짓말이 다 들통나 버렸다.,거짓말이 다 들통 나 버렸다.,,
띄어쓰기가 맞는 것은?,그러면 할 수 없지.,그러면 할 수 없지.,그러면 할수 없지.,그러면 할수없지.,
띄어쓰기가 맞는 것은?,수개월이 지나 다시 만났다.,수개월이 지나 다시 만났다.,수 개월이 지나 다시 만났다.,,
맞는 띄어쓰기는?,미리미리 준비할걸.,미리미리 준비할걸.,미리미리 준비할 걸.,,
띄어쓰기가 맞는 것은?,몇천만 명은 족히 돼 보였다.,몇천만 명은 족히 돼 보였다.,몇 천만 명은 족히 돼 보였다.,,
맞는 띄어쓰기는?,문제가 생길 경우 연락 주세요.,문제가 생길경우 연락 주세요.,문제가 생길 경우 연락 주세요.,,
'생존률'과 '생존율' 어떤 것이 맞는 말?,생존율이 높은 개체이다.,생존률이 높은 개체이다.,생존율이 높은 개체이다.,,
'뵙다'와 '봽다' 어떤 것이 맞는 말?,어르신을 뵙고자 찾아왔습니다.,어르신을 봽고자 찾아왔습니다.,어르신을 뵙고자 찾아왔습니다.,,
'삼가다'와 '삼가하다' 어떤 것이 맞는 말?,버스정류장에서 흡연은 삼가 주십시오.,버스정류장에서 흡연은 삼가 주십시오.,버스정류장에서 흡연은 삼가해 주십시오.,,
'앙값음'과 '앙갚음' 어떤 것이 맞는 말?,1차전 패배의 앙갚음,1차전 패배의 앙값음,1차전 패배의 앙갚음,1차전 패배의 앙갚픔,
올바른 표기는?,머리끄덩이,머리끄덩이,머리끄뎅이,머리끄댕이,
'처박다'와 '쳐박다' 어떤 것이 맞는 말?,접시에 코를 처박고 게걸스럽게 먹었다.,접시에 코를 쳐박고 게걸스럽게 먹었다.,접시에 코를 처박고 게걸스럽게 먹었다.,,
'생뚱맞다'와 '쌩뚱맞다' 어떤 것이 맞는 말?,일부러 생뚱맞은 얘기를 한다.,일부러 쌩뚱맞은 얘기를 한다.,일부러 생뚱맞은 얘기를 한다.,,
'전세방'과 '전셋방' 어떤 것이 맞는 말?,전세방에서 신혼살림을 시작했다.,전세방에서 신혼살림을 시작했다.,전셋방에서 신혼살림을 시작했다.,,
'미끌어지다'와 '미끄러지다' 어떤 것이 맞는 말?,빙판에 미끄러지다.,빙판에 미끌어지다.,빙판에 미끄러지다.,,
'화제거리'와 '화젯거리' 어떤 것이 맞는 말?,사람들의 화젯거리가 되었다.,사람들의 화제거리가 되었다.,사람들의 화젯거리가 되었다.,,
띄어쓰기가 맞는 것은?,그는 예고 없이 찾아왔다.,그는 예고없이 찾아왔다.,그는 예고 없이 찾아왔다.,,
띄어쓰기가 맞는 것은?,친구 간의 우정이 돈독하다.,친구간의 우정이 돈독하다.,친구 간의 우정이 돈독하다.,,
띄어쓰기가 맞는 것은?,태희는 예쁜 데다가 똑똑해.,태희는 예쁜데다가 똑똑해.,태희는 예쁜 데다가 똑똑해.,,
어떤 것이 맞는 말?,"백만 스물하나, 백만 스물둘","백만스물하나, 백만스물둘","백만 스물하나, 백만 스물둘",,
띄어쓰기가 맞는 것은?,도대체 이게 얼마 만인가!,도대체 이게 얼마만인가!,도대체 이게 얼마 만인가!,,
띄어쓰기가 맞는 것은?,산속 공기는 참 맑아.,산속 공기는 참 맑아.,산 속 공기는 참 맑아.,,
띄어쓰기가 맞는 것은?,네가 하는 대로 따라 할게.,네가 하는대로 따라 할게.,네가 하는 대로 따라 할게.,,
맞는 띄어쓰기는?,양말 열 켤레,양말 열켤레,양말 열 켤레,,
띄어쓰기가 맞는 것은?,조금 아프기밖에 더하겠니?,조금 아프기 밖에 더하겠니?,조금 아프기밖에 더하겠니?,,
맞는 띄어쓰기는?,밤새 소리 때문에 잠을 못 잤다.,밤새 소리때문에 잠을 못 잤다.,밤새 소리 때문에 잠을 못 잤다.,,
'반드시'와 뜻이 다른 단어는?,필요,필연,필요,기필코,마땅히
'아담하다'와 뜻이 다른 단어는?,담은하다,고아하다,담백하다,깨끔하다,담은하다
'바꾸다'와 뜻이 다른 단어는?,감행하다,변환하다,개혁하다,감행하다,변경하다
'빈틈없다'와 뜻이 다른 단어는?,여념없다,면밀하다,원숙하다,여념없다,알뜰하다
'문책하다'와 뜻이 다른 단어는?,현묘하다,나무라다,힐문하다,현묘하다,책망하다
'맞추다'와 뜻이 다른 단어는?,이물리다,결탁하다,겨냥하다,아물리다,이물리다
'끝내다'와 뜻이 다른 단어는?,기리다,마무리하다,종결하다,기리다,이루다
'바라보다'와 뜻이 다른 단어는?,생기보다,관망하다,생기보다,응시하다,내다보다
'노하다'와 뜻이 다른 단어는?,비난하다,골나다,노기등등하다,비난하다,분노하다
'돋아나다'와 뜻이 다른 단어는?,돋구다,솟다,발아하다,돋치다,돋구다
얼굴 보아 가며 ? 짓는다,이름,미소,표정,이름,별명
?은 바리로 싣고 ?은 꼬치로 꿴다,인정 - 진상,감정 - 진심,진심 - 감정,인정 - 진상,진상 - 인정
"가자니 태산이요, 돌아서자니 ?이라",숭산,남산,언덕,숭산,골짜기
감기는 ?에 내려앉는다,밥상머리,양지머리,책상머리,밥상머리,베갯머리
물어도 ? 썩어도 생치,준치,날치,준치,김치,
쟁기질 못하는 놈이 ? 탓한다,소,말,소,개,닭
아무리 바빠도 ? 매어 쓰지는 못한다,바늘허리,개미허리,가는허리,바늘허리,
막걸리 거르려다 ?도 못 건진다,지게미,홍어,지게미,수건,탁배기
보리 안 패는 ? 없고 나락 안 패는 ? 없다,삼월 - 유월,삼월 - 칠월,칠월 - 구월,삼월 - 유월,이월 - 유월
얼굴 보아 가며 ? 짓는다,이름,미소,표정,이름,별명
남의 말에 반대하기를 좋아함,트레바리,터럭바리,트레바리,가부편,고비판
놀이 등의 일로 여러 사람이 모이는 일,모꼬지,모꼬지,들모임,소모임,뒤모임
아무 도구도 가지지 아니하고 맨손뿐인 것,매나니,맨이름,매나니,껑터리,빈털터리
앓는 사람의 시중을 들어 줌,고수련,고수선,고수레,고수련,
'바특하다'의 뜻으로 알맞은 것은?,두 대상이나 물체 사이가 조금 가깝다,음흉하고 간사하다,피륙 따위의 바탕이 촘촘하다,두 대상이나 물체 사이가 조금 가깝다,요사스럽고 간특하다
어찌어찌하여 연분이 닿는 먼 친척,결찌,날찌,눈찌,결찌,별찌
높이 우뚝 솟은 모양,소소리,오드드,소소리,야르르,소소배
'벼룩잠'의 뜻으로 알맞은 것은?,깊이 잠들지 못하고 자꾸 자다가 깨는 잠,깊이 잠들지 못하고 자꾸 자다가 깨는 잠,비좁은 방에서 여럿이 모로 끼어 자는 잠,한 번 들었던 잠이 깨었다가 다시 드는 잠,남의 눈에 띄지 않도록 몰래 자는 잠
채 익지 않은 과일,똘기,날내,맏물,채날,똘기
'다붓다붓'의 뜻으로 알맞은 것은?,여럿이 다 매우 가깝게 붙어 있는 모양,외따로 떨어져 여기저기 모여 있는 모양,여럿이 정답게 이야기 하는 모양,여럿이 다 또는 매우 너른 모양,여럿이 다 매우 가깝게 붙어 있는 모양
맞는 띄어쓰기는?,먹기는커녕 물도 못 마셨다.,먹기는커녕 물도 못 마셨다.,먹기는 커녕 물도 못 마셨다.,,
맞는 띄어쓰기는?,아버지 명의로 된 주택 두 채가 있다.,아버지 명의로 된 주택 두 채가 있다.,아버지 명의로 된 주택 두채가 있다.,,
띄어쓰기가 맞는 것은?,누가 승자인지 결판내자.,누가 승자인지 결판내자.,누가 승자인지 결판 내자.,,
맞는 띄어쓰기는?,밤새 한숨도 못 잤다.,밤새 한숨도 못잤다.,밤새 한숨도 못 잤다.,,
띄어쓰기가 맞는 것은?,지금은 근무 중입니다.,지금은 근무중입니다.,지금은 근무 중입니다.,,
띄어쓰기가 맞는 것은?,거짓말이 다 들통나 버렸다.,거짓말이 다 들통나 버렸다.,거짓말이 다 들통 나 버렸다.,,
맞는 띄어쓰기는?,1 대 2로 이겼다.,1 대 2로 이겼다.,1대 2로 이겼다.,1대2,
띄어쓰기가 맞는 것은?,바람난 사람,바람난 사람,바람 난 사람,,
띄어쓰기가 맞는 것은?,5월 25일 자 신문을 가져왔다.,5월 25일자 신문을 가져왔다.,5월 25일 자 신문을 가져왔다.,,
띄어쓰기가 맞는 것은?,"사과, 배 등","사과, 배 등","사과, 배등",,
'쭉정이'와 '죽젱이' 어떤 것이 맞는 말?,여긴 순 쭉정이뿐이다.,여긴 순 쭉정이뿐이다.,여긴 순 죽젱이뿐이다.,,
'바라'와 '바래' 어떤 것이 맞는 말?,네가 행복하기를 바라,네가 행복하기를 바래,네가 행복하기를 바라,,
'미덥다'와 '미더웁다' 어떤 것이 맞는 말?,네가 참 든든하고 미덥다.,네가 참 든든하고 미더웁다.,네가 참 든든하고 미덥다.,,
'추스르다'와 '추스리다' 어떤 것이 맞는 말?,업고 있던 아이를 추스르다.,업고 있던 아이를 추스르다.,업고 있던 아이를 추스리다.,,
'흐리멍텅'과 '흐리멍덩' 어떤 것이 맞는 말?,정신이 흐리멍덩해졌다.,정신이 흐리멍텅해졌다.,정신이 흐리멍덩해졌다.,,
'어쨋건'과 '어쨌건' 어떤 것이 맞는 말?,어쨌건 그렇게 간단한 문제는 아니다.,어쨋건 그렇게 간단한 문제는 아니다.,어쨌건 그렇게 간단한 문제는 아니다.,,
'나지막히'와 '나지막이' 어떤 것이 맞는 말?,내게 나지막이 속삭였다.,내게 나지막히 속삭였다.,내게 나지막이 속삭였다.,,
'알다시피'와 '아다시피' 어떤 것이 맞는 말?,너도 알다시피 그건 아예 틀렸어.,너도 알다시피 그건 아예 틀렸어.,너도 아다시피 그건 아예 틀렸어.,,
'역할'과 '역활' 어떤 것이 맞는 말?,팀원들의 역할을 분담해 주었다.,팀원들의 역할을 분담해 주었다.,팀원들의 역활을 분담해 주었다.,,
'기차간'과 '기찻간' 어떤 것이 맞는 말?,낡은 기차간에 앉아 있다.,낡은 기차간에 앉아 있다.,낡은 기찻간에 앉아 있다.,,
다 된 농사에 ? 들고 덤빈다,낫,낫,호미,바구니,곡괭이
계란에도 ? 있다,뼈,껍질,알맹이,뼈,씨
? 발에 신 신긴다,지네,호랑이,토끼,가재,지네
? 개는 물지 않는다,짖는,노는,짖는,얌전한,늙은
벗 줄 것은 없어도 ? 줄 것은 있다,도둑,친구,도둑,누이,남
?는 늙어 죽을 때까지 해도 다 못한다,공부,공부,독서,효도,
?는 더워야 오고 ?는 추워야 온다,여름비 - 가을비,여름비 - 봄비,여름비 - 가을비,여름비 - 겨울비,
오뉴월 손님은 ?보다 무섭다,호랑이,호랑이,고양이,돼지,들개
바른말 하는 사람 ? 못 받는다,귀염,대우,인정,귀염,
버는 자랑 말고 ? 자랑 하랬다,쓰는,쓰는,노는,피는,가는
깊이 잠들지 못하고 자꾸 자다가 깨는 잠,벼룩잠,벼룩잠,두벌잠,그루잠,갈치잠
늦추어진 것을 바짝 잡아 죄는 일,다잡이,감잡이,다잡이,드잡이,제잡이
빈틈없이 아주 여무진 사람,모도리,모도리,당도리,빼도리,약도리
'구메구메'의 뜻으로 알맞은 것은?,남모르게 틈틈이,여러 몫으로 나눈 모개마다,남모르게 틈틈이,매우 천천히 걸어서,
'다붓다붓'의 뜻으로 알맞은 것은?,여럿이 다 매우 가깝게 붙어 있는 모양,외따로 떨어져 여기저기 모여 있는 모양,여럿이 정답게 이야기 하는 모양,여럿이 다 또는 매우 너른 모양,여럿이 다 매우 가깝게 붙어 있는 모양
'궁싯거리다'의 뜻으로 알맞은 것은?,잠이 오지 아니하여 누워서 몸을 이리저리 뒤척거리다,갈피를 잡지 못하고 이리저리 헤매다,궁상이 드러나 보이도록 행동하다,대수롭지 아니한 일에 틀어져서 자꾸 돌아서다,잠이 오지 아니하여 누워서 몸을 이리저리 뒤척거리다
'웅숭깊다'의 뜻으로 알맞은 것은?,생각이나 뜻이 크고 넓다,크고 넓다,마음이나 정신 상태 따위가 바르고 곧다,길쭉하고 넓다,생각이나 뜻이 크고 넓다
가는 곳마다 빼지 않고 모두,간데족족,간데족족,가무족족,구들직장,모두걸기
여러모로 알맞은 모양,두루딱딱이,두루두루,두루광이,두루딱딱이,두루뭉수리
'마파람'의 뜻으로 알맞은 것은?,남쪽에서 부는 바람을 이르는 말,북쪽에서 부는 바람을 이르는 말,남쪽에서 부는 바람을 이르는 말,서쪽에서 부는 바람을 이르는 말,동쪽에서 부는 바람을 이르는 말
맞는 띄어쓰기는?,주스 한 모금,주스 한 모금,주스 한모금,,
띄어쓰기가 맞는 것은?,마침내 문 앞에 다다랐다.,마침내 문앞에 다다랐다.,마침내 문 앞에 다다랐다.,,
맞는 띄어쓰기는?,버스가 떠난 지 오래야.,버스가 떠난지 오래야.,버스가 떠난 지 오래야.,,
띄어쓰기가 맞는 것은?,한두 번 해 본 솜씨가 아니야.,한 두번 해 본 솜씨가 아니야.,한두 번 해 본 솜씨가 아니야.,,
맞는 띄어쓰기는?,먹기는커녕 물도 못 마셨다.,먹기는커녕 물도 못 마셨다.,먹기는 커녕 물도 못 마셨다.,,
띄어쓰기가 맞는 것은?,동료 간의 신뢰,동료간의 신뢰,동료 간의 신뢰,,
맞는 띄어쓰기는?,기분이 좋을 때 뭘 하시나요?,기분이 좋을때 뭘 하시나요?,기분이 좋을 때 뭘 하시나요?,,
띄어쓰기가 맞는 것은?,밤낮없이 집으로 찾아왔다.,밤낮없이 집으로 찾아왔다.,밤 낮 없이 집으로 찾아왔다.,밤낮 없이 집으로 찾아왔다.,
맞는 띄어쓰기는?,네가 옆에 있다면 좋을 텐데.,네가 옆에 있다면 좋을텐데.,네가 옆에 있다면 좋을 텐데.,,
띄어쓰기가 맞는 것은?,몇천만 명은 족히 돼 보였다.,몇천만 명은 족히 돼 보였다.,몇 천만 명은 족히 돼 보였다.,,
다음 중 '네넴띤'의 쓰임이 가장 자연스러운 상황을 고르세요,네넴띤에 소스를 더 넣어서 먹으면 정말 맛있어,네넴띤에 소스를 더 넣어서 먹으면 정말 맛있어,대답은 네넴띤으로 하자,내 친구 나이는 네넴띤,아 걔는 좀 네넴띤이더라
다음 중 '이생망'의 쓰임이 자연스러운 상황은?,"콘서트 티켓 못 구했어, 역시 이생망인가봐",어머 너 이 그릇 이생망에서 산거야?!,"콘서트 티켓 못 구했어, 역시 이생망인가봐",와 이생망 어디서 샀어? 정말 달고 맛있다!,아직도 방충망써? 요즘 이생망이 대세야!
?에 무슨 그런말을 하고 그래!,이시국,이시국,이선좌,이생망,이크에크
'소확횡'과 가장 관련성이 높은 것은 무엇일까요?,회사,회사,행복,한우,농사
다음 중 '갑통알'의 의미는?,갑자기 통장 보니 알바해야 할 것 같음,갑자기 통통해진 알바생,갑자기 통장 보니 알바해야 할 것 같음,갑자기 알통이 생김,갑자기 통장에 알 수 없는 돈이 들어옴
?니까 소개팅 좀 시켜줘!,인만추,처돌이,얼죽코,인만추,윰차
다음 중 '두쿵'을 대체할 수 있는 표현을 고르세요.,심쿵,심쿵,편두통,둥기둥기,비담
다음 중 '이선좌'의 의미는?,이미 선택된 좌석입니다,이번 선물받고 좌절하면 안돼,이런 선택은 좌우간 환영,이번 선로에서는 좌회전,이미 선택된 좌석입니다
'메불메'와 가장 관련성이 높은 것은 무엇일까요?,호날두,호날두,불매운동,메이크업,불고기
?니까 소개팅 좀 시켜줘!,인만추,처돌이,얼죽코,인만추,윰차
올바른 외래어 표기는?,테이프,테입,테잎,테이프,
올바른 외래어 표기는?,패러독스,패러독스,파라독스,,
올바른 외래어 표기는?,보트,보트,보우트,,
올바른 외래어 표기는?,나르시시즘,나르시즘,나르시시즘,,
올바른 외래어 표기는?,난센스,넌센스,난센스,,
올바른 외래어 표기는?,버스,버스,버쓰,뻐스,빠스
올바른 외래어 표기는?,시추에이션,시추에이션,시츄에이션,,
올바른 외래어 표기는?,스테인리스,스텐리스,스텐레스,스테인레스,스테인리스
올바른 외래어 표기는?,케첩,케찹,캐첩,케챱,케첩
올바른 외래어 표기는?,메시지,메시지,메세지,,
먼 곳에 있는 스승을 찾아서 공부하러 감,부급종사 (負笈從師),부급종사 (負笈從師),선공후사 (先公後私),사생취의 (捨生取義),
큰 목적을 위하여 자기가 아끼는 사람을 버림,읍참마속 (泣斬馬謖),읍참마속 (泣斬馬謖),다문박식 (多聞博識),사생취의 (捨生取義),
공평하여 사사로움이 없음,공평무사 (公平無私),공평무사 (公平無私),명실상부 (名實相符),지행합일 (知行合一),
절치부심(切齒腐心)의 뜻은?,몹시 분하여 이를 갈며 속을 썩임,몹시 분하여 이를 갈며 속을 썩임,부지런히 학문과 덕행을 닦음,남의 일을 지나치게 걱정하고 염려함,
계란유골(鷄卵有骨)의 뜻은?,운이 없는 사람은 좋은 기회를 만나도 덕을 못 봄,운이 없는 사람은 좋은 기회를 만나도 덕을 못 봄,예사로운 표현 속에 만만치 않은 뜻이 들어 있음,형제나 같은 민족끼리 서로 싸우고 죽임,
호사스러운 술잔치를 이르는 말,주지육림 (酒池肉林),수신제가 (修身齊家),주지육림 (酒池肉林),도원결의 (桃園結義),
봉두난발(蓬頭亂髮)의 뜻은?,머리털이 헙수룩하게 마구 흐트러짐,바짝 조였던 정신이 풀려 늦추어짐,머리털이 헙수룩하게 마구 흐트러짐,뭉쳐진 덩이가 자꾸 볼품없이 흐트러짐,
나날이 다달이 자라거나 발전함,일취월장 (日就月將),선우후락 (先憂後樂),월장성구 (月章星句),일취월장 (日就月將),
태평성대(太平聖代)의 뜻은?,어진 임금이 잘 다스리어 태평한 세상,다양한 학문이 크게 성장하던 시기,어진 임금이 잘 다스리어 태평한 세상,더할 나위 없이 편하게 마음 먹고 지냄,
분서갱유(焚書坑儒)의 뜻은?,서적을 불태우고 수많은 유생을 구덩이에 묻어 죽임,서적을 불태우고 수많은 유생을 구덩이에 묻어 죽임,세금을 가혹하게 거두고 무리하게 재물을 빼앗음,나쁜 사람을 가까이 하면 그 버릇에 물들기 쉬움,
여럿이 다 매우 가깝게 붙어 있는 모양,다붓다붓,다붓다붓,담방담방,다복다복,다박다박
'꾀꾀로'의 뜻으로 알맞은 것은?,가끔가끔 틈을 타서 살그머니,겨를이 있을 때마다,시간적인 사이를 두고서 가끔씩,이따금 또는 가끔가다가,가끔가끔 틈을 타서 살그머니
빈틈없이 아주 여무진 사람,모도리,모도리,당도리,빼도리,약도리
나무의 꼭대기 줄기,우듬지,목거리,나무걸,우듬지,도듬지
꽃과 함께 떨어진 어린 감,감또개,감단송,감또개,감접이,감별추
'하늬바람'의 뜻으로 알맞은 것은?,서쪽에서 부는 바람,동쪽에서 부는 바람,서쪽에서 부는 바람,남쪽에서 부는 바람,북쪽에서 부는 바람
어떤 일이 일어나는 그때마다,결결이,곳곳이,짬짬이,결결이,꾀꾀로
'거춤거춤'의 뜻으로 알맞은 것은?,일을 대강대강 하는 모양,일을 대강대강 하는 모양,살갗이 윤기가 없고 거친 모양,망설이며 자꾸 머뭇거리는 모양,다리를 끌면서 억지로 걷는 모양
힘주는 맛이나 억짓손이 몹시 세다,되알지다,되똑하다,되울리다,되작이다,되알지다
'곁땀'의 뜻으로 알맞은 것은?,겨드랑이에서 나는 땀,바느질을 하기 전에 미리 표시한 부분,겨드랑이에서 나는 땀,일을 이룰 때 함께 한 수고,결과를 가져오게 된 원인
중구난방(衆口難防)의 뜻은?,막기 어려울 정도로 여럿이 마구 지껄임,막기 어려울 정도로 여럿이 마구 지껄임,적은 사람으로는 많은 사람을 막아내지 못함,어리석은 사람들이 모여 말하는 광경,
만강혈성(滿腔血誠)의 뜻은?,마음속에서 진심으로 우러나오는 정성,진심에서 우러나오는 참된 정,마음속에서 진심으로 우러나오는 정성,잘못을 진심으로 타이름,
근근도생(僅僅圖生)의 뜻은?,생활이 곤궁하여 겨우겨우 살기를 꾀함,겨우겨우 견디어 나감,제각기 살아 나갈 방법을 꾀함,생활이 곤궁하여 겨우겨우 살기를 꾀함,
오합지중(烏合之衆)의 뜻은?,임시로 모여 무질서한 병졸이나 군중,많은 사람들이 둘러서서 봄,임시로 모여 무질서한 병졸이나 군중,적은 사람으로는 많은 사람을 이기지 못함,
큰 목적을 위하여 자기가 아끼는 사람을 버림,읍참마속 (泣斬馬謖),읍참마속 (泣斬馬謖),다문박식 (多聞博識),사생취의 (捨生取義),
헤어졌다가 만나고 모였다가 흩어짐,이합집산 (離合集散),이합집산 (離合集散),형설지공 (螢雪之功),공평무사 (公平無私),
군계일학(群鷄一鶴)의 뜻은?,많은 사람 가운데서 뛰어난 인물,거의 비슷비슷하여 특색이 없음,많은 사람 가운데서 뛰어난 인물,학처럼 목을 길게 빼고 기다림,
중구난방(衆口難防)의 뜻은?,막기 어려울 정도로 여럿이 마구 지껄임,막기 어려울 정도로 여럿이 마구 지껄임,적은 사람으로는 많은 사람을 막아내지 못함,어리석은 사람들이 모여 말하는 광경,
신출귀몰(神出鬼沒)의 뜻은?,자유자재로 나타나고 사라짐,자유자재로 나타나고 사라짐,영원히 멸망하거나 사라짐,갑자기 사라져 없어지는 모양,
남에게 입은 은혜가 뼈에 새길 만큼 커서 잊히지 아니함,각골난망 (刻骨難忘),각골난망 (刻骨難忘),백골남행 (白骨南行),격화소양 (隔靴搔癢),
밥이 얼굴에 ? 붙었다,더덕더덕,더덕더덕,덕지덕지,깨알같이,빈틈없이
앉아 주고 ? 받는다,서서,되로,말로,서서,몰래
? 담 넘어가듯,구렁이,고양이,구렁이,도둑,
다 된 농사에 ? 들고 덤빈다,낫,낫,호미,바구니,곡괭이
고슴도치도 제 새끼는 ?하다고 한다,함함,곱상,함함,삐죽,
악담은 ?이다,덕담,농담,부담,덕담,상담
양반은 죽어도 ? 쓴다,문자,상투,문자,감투,갓
당장 먹기엔 ?이 달다,곶감,수박,과일,곶감,호박
쟁기질 못하는 놈이 ? 탓한다,소,말,소,개,닭
?을(를) 열두 벌 입어도 보일 것은 다 보인다,고쟁이,마고자,속적삼,저고리,고쟁이
올바른 외래어 표기는?,스튜디오,스튜디오,스투디오,스튜우디오,
올바른 외래어 표기는?,에메랄드,에머랄드,에메랄드,,
올바른 외래어 표기는?,도넛,도넛,도우넛,도너츠,
올바른 외래어 표기는?,라이선스,라이선스,라이센스,,
올바른 외래어 표기는?,알루미늄 포일,알루미늄 포일,알루미늄 호일,,
올바른 외래어 표기는?,논픽션,논픽션,넌픽션,,
올바른 외래어 표기는?,게임,겜,게임,께임,
올바른 외래어 표기는?,콘셉트,컨셉,콘셉트,컨셉트,
올바른 외래어 표기는?,케첩,케찹,캐첩,케챱,케첩
올바른 외래어 표기는?,팡파르,팡파레,빵파레,팡파르,
또 어디 숨어서 ?하고 있던거 아니야?,월루,월식,월담,월간,월루
다음 중 '오저치고'의 쓰임이 가장 자연스러운 상황을 고르세요.,아 배고프다. 오저치고?,아 배고프다. 오저치고?,야 진짜 오저치고 난리 났다.,오저치고 내일하자!,와 메시 오저치고 골 넣는거 봐!
'미먼'과 가장 관련성이 높은 것은 무엇일까요?,대기,미래,방송,로봇,대기
다음 중 '혼틈'의 쓰임이 가장 자연스러운 상황을 고르세요.,그렇다면 혼틈 내가 먼저 한 입 !,날씨가 너무 추워서 손가락에 혼틈 생겼어,혼자 있다보니까 혼틈하는 시간이 많아지네,그렇다면 혼틈 내가 먼저 한 입 !,아 남자친구가 나한테 말도 안하고 방구 혼틈했어.
?하면 400만원이야!,영끌,처돌이,혼코노,오저치고,영끌
다음 중 '관크'의 의미는?,관객 크리티컬,관심사 크러쉬,관객 크리티컬,관심 있는 사람한테 고백하는 크리스마스,관종 크리에이터
다음 중 '얼죽아'의 쓰임이 가장 자연스러운 상황을 고르세요.,커피 드실 분 중에 얼죽아는 손 드세요!,커피 드실 분 중에 얼죽아는 손 드세요!,얼죽아도 코트입어야지,너 왜이렇게 얼굴이 얼죽아야,마라탕 먹고나면 혀가 얼죽아지?
'메불메'와 가장 관련성이 높은 것은 무엇일까요?,호날두,호날두,불매운동,메이크업,불고기
솔직히 순대국엔 깍두기가 ?이지,국룰,흑우,영끌,국룰,스라밸
다음 중 '누물보'의 의미는?,누가 물어본 사람?,누구랑 물건 보러 갔어?,누수가 되지 않게 보수를 잘 해야해,누가 나를 물로 보는거야?!,누가 물어본 사람?
남가일몽(南柯一夢)의 뜻은?,덧없는 꿈이나 한때의 헛된 부귀영화,외부와 접촉을 끊고 학문에 정진함,덧없는 꿈이나 한때의 헛된 부귀영화,같이 행동하면서도 속으로는 각각 딴생각을 하고 있음,
일사천리(一瀉千里)의 뜻은?,어떤 일이 거침없이 빨리 진행됨,어떤 일을 빨리 진행하여 빨리 끝냄,어떤 일이 거침없이 빨리 진행됨,,
천편일률(千篇一律)의 뜻은?,여럿이 개별적 특성이 없이 모두 엇비슷한 현상,능력이나 재주가 엇비슷한 상대자,여럿이 개별적 특성이 없이 모두 엇비슷한 현상,능력이나 세력이 엇비슷하여 서로 맞섬,
결초보은(結草報恩)의 뜻은?,죽은 뒤에라도 은혜를 잊지 않고 갚음,자기가 태어난 근본을 잊지 않고 은혜를 갚음,죽은 뒤에라도 은혜를 잊지 않고 갚음,남에게 당한 원한을 잊지 않고 그대로 갚음,
어떤 일이든 끊임없이 노력하면 반드시 이루어짐,우공이산 (愚公移山),주지육림 (酒池肉林),우공이산 (愚公移山),도원결의 (桃園結義),
다사다난(多事多難)의 뜻은?,여러 가지 일도 많고 어려움이나 탈도 많음,여러 가지 일도 많고 어려움이나 탈도 많음,여러 가지가 얽혀 있어 복잡함,아무런 변동이나 탈이 없이 온전하게,
자기의 욕심을 누르고 예의범절을 따름,극기복례 (克己復禮),고식지계 (姑息之計),목불식정 (目不識丁),극기복례 (克己復禮),
허례허식(虛禮虛飾)의 뜻은?,형편에 맞지 않게 겉만 번드르르하게 꾸밈,형편에 맞지 않게 겉만 번드르르하게 꾸밈,실력이 없으면서도 허세로만 떠벌림,터무니없이 허황되고 실상이 없음,
평지풍파(平地風波)의 뜻은?,평온한 자리에서 일어나는 풍파,집안의 분란이나 풍파,풍파가 없어 고요하고 평온한 상태,평온한 자리에서 일어나는 풍파,
요지부동(搖之不動)의 뜻은?,흔들어도 꼼짝하지 아니함,움직이지 않거나 아무 말 없이,흔들어도 꼼짝하지 아니함,억지로 눌러 꼼짝 못하게 함,
'흐르다'와 뜻이 다른 단어는?,유거하다,경과하다,유거하다,통하다,지나가다
'뒤집다'와 뜻이 다른 단어는?,뒤지다,번복하다,뒤지다,홉뜨다,헤집다
'간직하다'와 뜻이 다른 단어는?,좋아하다,간수하다,좋아하다,보관하다,아로새기다
'야박하다'와 뜻이 다른 단어는?,얄망궂다,박정하다,얄망궂다,매몰차다,인색하다
'버려두다'와 뜻이 다른 단어는?,부과하다,부과하다,방기하다,동댕이치다,폐하다
'발췌하다'와 뜻이 다른 단어는?,오도하다,오도하다,초록하다,뽑아내다,빼어나다
'넘어지다'와 뜻이 다른 단어는?,흐트러지다,거꾸러지다,흐트러지다,엎어지다,나동그라지다
'아리다'와 뜻이 다른 단어는?,아려하다,알싸하다,아려하다,얼얼하다,쓰라리다
'쏠리다'와 뜻이 다른 단어는?,쏠락대다,몰리다,끌리다,쏠락대다,지향하다
'섭섭하다'와 뜻이 다른 단어는?,헛헛하다,헛헛하다,노엽다,애석하다,애틋하다
금지옥엽(金枝玉葉)의 뜻은?,귀한 자손을 이르는 말,귀한 자손을 이르는 말,가녀리고 가녀린 옥같은 손,세력 따위가 갑자기 기울거나 시듦,
필부지용(匹夫之勇)의 뜻은?,혈기만 믿고 함부로 부리는 소인의 용기,오랜 체험에서 얻은 용기,앞뒤를 생각하지 않고 용맹스럽게 돌진함,혈기만 믿고 함부로 부리는 소인의 용기,
경솔하여 생각 없이 망령되게 행동함,경거망동 (輕擧妄動),망언망동 (妄言妄動)),심술거복 (心術去福),경거망동 (輕擧妄動),경거숙로 (輕車熟路)
일언반구(一言半句)의 뜻은?,아주 짧은 말,자꾸 되풀이하여 말함,아주 짧은 말,말로 남을 속이고자 함,
주마간산(走馬看山)의 뜻은?,자세히 보지 않고 대충 보고 지나감,자세히 보지 않고 대충 보고 지나감,이미 잘하는 사람을 더욱 장려함,오래지 않은 동안 사물이 덧없이 빨리 변함,
대기만성(大器晩成)의 뜻은?,크게 될 사람은 늦게 이루어짐,크게 될 사람은 늦게 이루어짐,나이 들어서 늦게 철이 듦,크게 잘될 사람을 이르는 말,
마음을 같이하여 서로 도움,동심협력 (同心協力),동심협력 (同心協力),자강불식 (自強不息),도원결의 (桃園結義),각외협력 (閣外協力)
남가일몽(南柯一夢)의 뜻은?,덧없는 꿈이나 한때의 헛된 부귀영화,외부와 접촉을 끊고 학문에 정진함,덧없는 꿈이나 한때의 헛된 부귀영화,같이 행동하면서도 속으로는 각각 딴생각을 하고 있음,
전전긍긍(戰戰兢兢)의 뜻은?,몹시 두려워서 벌벌 떨며 조심함,마음에 새겨 두고 조심함,몹시 두려워서 벌벌 떨며 조심함,말이나 행동을 삼가고 조심함,
호사다마(好事多魔)의 뜻은?,좋은 일에는 흔히 방해되는 일이 많음,좋은 일에는 흔히 방해되는 일이 많음,길흉화복은 변화가 많아서 예측하기가 어려움,좋은 일은 적고 언짢은 일은 많음,
띄어쓰기가 맞는 것은?,한두 번 해 본 솜씨가 아니야.,한 두번 해 본 솜씨가 아니야.,한두 번 해 본 솜씨가 아니야.,,
띄어쓰기가 맞는 것은?,그는 오늘 밤 도망갈 거다,그는 오늘 밤 도망갈거다.,그는 오늘 밤 도망갈 거다,,
띄어쓰기가 맞는 것은?,저 녀석 버르장머리하고는,저 녀석 버르장머리 하고는,저 녀석 버르장 머리 하고는,저 녀석 버르장머리하고는,
어떤 것이 맞는 말?,"백만 스물하나, 백만 스물둘","백만스물하나, 백만스물둘","백만 스물하나, 백만 스물둘",,
띄어쓰기가 맞는 것은?,그는 말없이 웃으며 인사했다.,그는 말 없이 웃으며 인사했다.,그는 말없이 웃으며 인사했다.,,
띄어쓰기가 맞는 것은?,여행을 갈 것이다.,여행을 갈 것이다.,여행을 갈 것 이다.,,
띄어쓰기가 맞는 것은?,나는 꼭 치킨을 먹을 거다.,나는 꼭 치킨을 먹을거다.,나는 꼭 치킨을 먹을 거다.,,
띄어쓰기가 맞는 것은?,마침내 문 앞에 다다랐다.,마침내 문앞에 다다랐다.,마침내 문 앞에 다다랐다.,,
띄어쓰기가 맞는 것은?,태희는 예쁜 데다가 똑똑해.,태희는 예쁜데다가 똑똑해.,태희는 예쁜 데다가 똑똑해.,,
띄어쓰기가 맞는 것은?,바꾼 것은 로션뿐.,바꾼 것은 로션뿐.,바꾼 것은 로션 뿐.,,
'손보다'와 뜻이 다른 단어는?,수사하다,중수하다,수사하다,만지다,수습하다
'드세다'와 뜻이 다른 단어는?,두둑하다,두둑하다,당당하다,굳세다,힘차다
'놀랍다'와 뜻이 다른 단어는?,경사롭다,경사롭다,끔찍하다,어이없다,희한하다
'변천하다'와 뜻이 다른 단어는?,갈변하다,변전하다,변이하다,갈변하다,전변하다
'두르다'와 뜻이 다른 단어는?,아우르다,아우르다,둘러싸다,주무르다,에두르다
'추리다'와 뜻이 다른 단어는?,발괄하다,개괄하다,발괄하다,뽑아내다,골라내다
'다투다'와 뜻이 다른 단어는?,노투하다,대항하다,노투하다,시비하다,자그락거리다
'끝맺다'와 뜻이 다른 단어는?,전락하다,귀결하다,아물리다,종료하다,전락하다
'바라보다'와 뜻이 다른 단어는?,생기보다,관망하다,생기보다,응시하다,내다보다
'흐르다'와 뜻이 다른 단어는?,유거하다,경과하다,유거하다,통하다,지나가다
올바른 외래어 표기는?,러키 세븐,럭키 세븐,러키 세븐,,
올바른 외래어 표기는?,콘셉트,컨셉,콘셉트,컨셉트,
올바른 외래어 표기는?,킬로그램,키로그람,키로그램,킬로그람,킬로그램
올바른 외래어 표기는?,이모티콘 숍,이모티콘 숍,이모티콘 샵,,
올바른 외래어 표기는?,팸플릿,팜플렛,팸플릿,팜플레트,
올바른 외래어 표기는?,레모네이드,레모네이드,레몬에이드,,
올바른 외래어 표기는?,로열 패밀리,로열 훼밀리,로얄 훼밀리,로열 패밀리,로얄 패밀리
올바른 외래어 표기는?,클리닉,클리닉,크리닉,,
올바른 외래어 표기는?,산타클로스,산타클로스,산타크로스,산타크로즈,
올바른 외래어 표기는?,밸런타인데이,발렌타인데이,밸런타인데이,발렌타이데이,밸런타이데이
띄어쓰기가 맞는 것은?,운전 중 긴급 상황,운전중 긴급 상황,운전 중 긴급 상황,,
띄어쓰기가 맞는 것은?,저런 게 있는지 몰랐어요.,저런게 있는지 몰랐어요.,저런 게 있는지 몰랐어요.,,
띄어쓰기가 맞는 것은?,그는 시인 겸 소설가이다.,그는 시인겸 소설가이다.,그는 시인 겸 소설가이다.,,
띄어쓰기가 맞는 것은?,그는 공부밖에 몰라요.,그는 공부 밖에 몰라요.,그는 공부밖에 몰라요.,,
띄어쓰기가 맞는 것은?,가장 잘나가는 사업이다.,가장 잘 나가는 사업이다.,가장 잘나가는 사업이다.,,
띄어쓰기가 맞는 것은?,한두 번 해 본 솜씨가 아니야.,한 두번 해 본 솜씨가 아니야.,한두 번 해 본 솜씨가 아니야.,,
띄어쓰기가 맞는 것은?,오늘 못한 부분은 다음 날 해!,오늘 못한 부분은 다음날 해!,오늘 못한 부분은 다음 날 해!,,
맞는 띄어쓰기는?,기분이 좋을 때 뭘 하시나요?,기분이 좋을때 뭘 하시나요?,기분이 좋을 때 뭘 하시나요?,,
띄어쓰기가 맞는 것은?,스물여섯 번째 만남이다.,스물여섯 번째 만남이다.,스물 여섯 번째 만남이다.,,
띄어쓰기가 맞는 것은?,사고 없이 공사가 잘 끝났다.,사고없이 공사가 잘 끝났다.,사고 없이 공사가 잘 끝났다.,,
올바른 외래어 표기는?,게임,겜,게임,께임,
올바른 외래어 표기는?,텔레비전,텔레비죤,텔레비젼,텔레비전,
올바른 외래어 표기는?,컨소시엄,콘소시엄,컨소시엄,컨소시움,
올바른 외래어 표기는?,피에로,삐에로,피에로,,
올바른 외래어 표기는?,비스킷,비스킷,비스켓,,
올바른 외래어 표기는?,세팅,세팅,셋팅,,
올바른 외래어 표기는?,밸런타인데이,발렌타인데이,밸런타인데이,,
올바른 외래어 표기는?,센터,센타,센터,,
올바른 외래어 표기는?,뷔페,뷔페,부페,부펫,
올바른 외래어 표기는?,킬로그램,키로그람,키로그램,킬로그람,킬로그램
띄어쓰기가 맞는 것은?,애교 살을 강조했다.,애교살을 강조했다.,애교 살을 강조했다.,,
어떤 것이 맞는 말?,"백만 스물하나, 백만 스물둘","백만스물하나, 백만스물둘","백만 스물하나, 백만 스물둘",,
띄어쓰기가 맞는 것은?,물건 가격이 소폭 감소했다.,물건 가격이 소폭 감소했다.,물건가격이 소폭 감소했다.,,
띄어쓰기가 맞는 것은?,그는 오늘 밤 도망갈 거다,그는 오늘 밤 도망갈거다.,그는 오늘 밤 도망갈 거다,,
띄어쓰기가 맞는 것은?,사흘간 여행은 즐거웠어요.,사흘 간 여행은 즐거웠어요.,사흘간 여행은 즐거웠어요.,,
띄어쓰기가 맞는 것은?,이런 게 행복인가 봐.,이런게 행복인가 봐.,이런 게 행복인가 봐.,,
띄어쓰기가 맞는 것은?,불과 몇천 년 전에 일어난 일이다.,불과 몇천 년 전에 일어난 일이다.,불과 몇 천 년 전에 일어난 일이다.,,
띄어쓰기가 맞는 것은?,과자를 종류별로 샀다.,과자를 종류별로 샀다.,과자를 종류 별로 샀다.,,
띄어쓰기가 맞는 것은?,그뿐만 아니라 출판도 했어.,그 뿐만 아니라 출판도 했어.,그뿐만 아니라 출판도 했어.,,
맞는 띄어쓰기는?,며칠째,며칠째,며칠 째,,
올바른 외래어 표기는?,깁스,깁스,기브스,기부스,
올바른 외래어 표기는?,그리스,그리스,그리이스,,
올바른 외래어 표기는?,멤버,맴버,멤버,,
올바른 외래어 표기는?,스트로,스트로,스트로우,,
올바른 외래어 표기는?,마니아,마니아,매니아,,
올바른 외래어 표기는?,밸런타인데이,발렌타인데이,밸런타인데이,,
rouge의 올바른 외래어 표기는?,루주,루주,루즈,,
올바른 외래어 표기는?,산타클로스,산타클로스,산타크로스,산타크로즈,
올바른 외래어 표기는?,콘셉트,컨셉,콘셉트,컨셉트,
올바른 외래어 표기는?,주스,쥬스,주스,,
'뒤집다'와 뜻이 다른 단어는?,뒤지다,번복하다,뒤지다,홉뜨다,헤집다
'떠들다'와 뜻이 다른 단어는?,중얼거리다,퍼트리다,술렁거리다,중얼거리다,왁자지껄하다
'벗기다'와 뜻이 다른 단어는?,따다,갈취하다,드러내다,떼다,따다
'섬기다'와 뜻이 다른 단어는?,경망하다,돕다,봉양하다,받들다,경망하다
'가리다'와 뜻이 다른 단어는?,가리키다,가리키다,가려내다,선발하다,선택하다
'싸우다'와 뜻이 다른 단어는?,축전하다,쟁론하다,축전하다,각축하다,대전하다
'선발하다'와 뜻이 다른 단어는?,용장하다,간탁하다,등용하다,용장하다,선정하다
'받아들이다'와 뜻이 다른 단어는?,용동하다,맞아들이다,영접하다,섭취하다,용동하다
'바라보다'와 뜻이 다른 단어는?,생기보다,관망하다,생기보다,응시하다,내다보다
'내던지다'와 뜻이 다른 단어는?,받치다,박차다,내동댕이치다,뱉다,받치다
올바른 외래어 표기는?,러키 세븐,럭키 세븐,러키 세븐,,
올바른 외래어 표기는?,로열 패밀리,로열 훼밀리,로얄 훼밀리,로열 패밀리,로얄 패밀리
올바른 외래어 표기는?,벤치,벤취,벤치,,
올바른 외래어 표기는?,카운슬링,카운셀링,카운슬링,,
올바른 외래어 표기는?,커피숍,커피샵,커피숍,,
올바른 외래어 표기는?,액세서리,액세사리,악세사리,액세서리,악세서리
올바른 외래어 표기는?,쿵후,쿵푸,쿵후,,
올바른 외래어 표기는?,콤플렉스,콤플렉스,컴플렉스,,
올바른 외래어 표기는?,도넛,도넛,도우넛,도너츠,
올바른 외래어 표기는?,리더십,리더십,리더쉽,,
띄어쓰기가 맞는 것은?,나는 꼭 치킨을 먹을 거다.,나는 꼭 치킨을 먹을거다.,나는 꼭 치킨을 먹을 거다.,,
띄어쓰기가 맞는 것은?,저 꽃은 내 거야!,저 꽃은 내거야!,저 꽃은 내 거야!,,
띄어쓰기가 맞는 것은?,1시부터 5시까지 수업 시간입니다.,1시부터 5시까지 수업 시간입니다.,1시 부터 5시 까지 수업 시간입니다.,,
띄어쓰기가 맞는 것은?,제주도에 놀러 가고 싶어.,제주도에 놀러 가고싶어.,제주도에 놀러 가고 싶어.,,
띄어쓰기가 맞는 것은?,걔는 예쁠 뿐만 아니라 착해.,걔는 예쁠 뿐만 아니라 착해.,걔는 예쁠뿐만 아니라 착해.,,
띄어쓰기가 맞는 것은?,여행을 갈 것이다.,여행을 갈 것이다.,여행을 갈 것 이다.,,
띄어쓰기가 맞는 것은?,누가 승자인지 결판내자.,누가 승자인지 결판내자.,누가 승자인지 결판 내자.,,
띄어쓰기가 맞는 것은?,범인이 도망갔다.,범인이 도망갔다.,범인이 도망 갔다.,,
띄어쓰기가 맞는 것은?,오랜만에 청계천을 걸었다.,오랜만에 청계천을 걸었다.,오랜 만에 청계천을 걸었다.,,
띄어쓰기가 맞는 것은?,"걱정 마, 다 잘될 거야.","걱정마, 다 잘될 거야.","걱정 마, 다 잘될 거야.",,
다음 중 '설참'의 의미는?,설명을 참조하세요,설마 참으라는거야?,설날에는 참치세트,설명도 안듣고 참견 그만해,설명을 참조하세요
다음 중 '노빠꾸'를 한 사람은?,"코니 : 아니야, 무조건 직진이야.","브라운 : 이제 돌아가자, 너무 멀리왔어","코니 : 아니야, 무조건 직진이야.",샐리 : 난 포기하고 싶어!,레너드 : 옆으로 가보는건 어떨까?
다음 중 '처돌이'를 대체할 수 있는 단어는 무엇일까요?,덕후,차돌박이,처순이,덕후,흑우
다음 중 '아바라'의 쓰임이 가장 자연스러운 상황을 고르세요.,아바라와 치즈케잌의 조화가 환상적이지.,내 아바라는 이렇게 귀엽게 생겼어.,아바라와 치즈케잌의 조화가 환상적이지.,"아바라, 그렇게 해서 되겠냐?!",가나다라 아바라?
다음 중 '이선좌'의 의미는?,이미 선택된 좌석입니다,이번 선물받고 좌절하면 안돼,이런 선택은 좌우간 환영,이번 선로에서는 좌회전,이미 선택된 좌석입니다
다음 중 '일생가'의 쓰임이 자연스러운 상황을 고르세요.,그게 어떻게 그렇게 보이다니 일생가?,그게 어떻게 그렇게 보이다니 일생가?,내 일생가 그런건 듣도 보도 못했다!,일생가만큼 좋은 노래는 없어!,이 집은 모짜르트의 일생가인가요?
다음 중 '얼죽아'의 쓰임이 가장 자연스러운 상황을 고르세요.,커피 드실 분 중에 얼죽아는 손 드세요!,커피 드실 분 중에 얼죽아는 손 드세요!,얼죽아도 코트입어야지,너 왜이렇게 얼굴이 얼죽아야,마라탕 먹고나면 혀가 얼죽아지?
'반신'과 가장 관련성이 높은 것은 무엇일까요?,존중,욕조,존중,상체,사고
'구취'와 가장 관련성이 높은 것은 무엇일까요?,구독자,구독자,취향 존중,비둘기,취미
다음 중 '관크'의 의미는?,관객 크리티컬,관심사 크러쉬,관객 크리티컬,관심 있는 사람한테 고백하는 크리스마스,관종 크리에이터
'멀끄러미'와 '물끄러미' 어떤 것이 맞는 말?,내 얼굴을 물끄러미 바라보더라.,내 얼굴을 멀끄러미 바라보더라.,내 얼굴을 물끄러미 바라보더라.,,
'가파라'와 '가팔라' 어떤 것이 맞는 말?,내리막이 가팔라 조심해야 해.,내리막이 가파라 조심해야 해.,내리막이 가팔라 조심해야 해.,,
'천만에요'와 '천만해요' 어떤 것이 맞는 말?,천만에요. 별말씀을 다 하시네요.,천만에요. 별말씀을 다 하시네요.,천만해요. 별말씀을 다 하시네요.,,
'헤메다'와 '헤매다' 어떤 것이 맞는 말?,복잡한 골목에서 헤매다.,복잡한 골목에서 헤메다.,복잡한 골목에서 헤매다.,,
'단단이'와 '단단히' 어떤 것이 맞는 말?,마음을 단단히 먹어라.,마음을 단단히 먹어라.,마음을 단단이 먹어라.,,
'감기가 나아서'와 '감기가 낳아서' 어떤 것이 맞는 말?,감기가 나아서 살 것 같다.,감기가 나아서 살 것 같다.,감기가 낳아서 살 것 같다,,
'배곱'과 '배꼽' 어떤 것이 맞는 말?,오랜만에 배꼽 빠지게 웃었다.,오랜만에 배꼽 빠지게 웃었다.,오랜만에 배곱 빠지게 웃었다.,,
'헤메다'와 '헤매다' 어떤 것이 맞는 말?,복잡한 골목에서 헤매다.,복잡한 골목에서 헤메다.,복잡한 골목에서 헤매다.,,
'주꾸미'와 '쭈꾸미' 어떤 것이 맞는 말?,주꾸미요리를 잘하는 집을 안다.,쭈꾸미요리를 잘하는 집을 안다.,주꾸미요리를 잘하는 집을 안다.,,
'정치란'과 '정치난' 어떤 것이 맞는 말?,정치란에 실릴 만합니다.,정치란에 실릴 만합니다.,정치난에 실릴 만합니다.,,
범 아가리에 ? 넣은 셈,날고기,불고기,날고기,간고기,양고기
밭을 사려면 ? 을(를) 보라,변두리,사촌,중심지,변두리,남은 돈
비 오는 날 ? 찾듯,나막신,우산,나막신,부침개,모자
누더기 속에서 ? 난다,영웅,냄새,영웅,인물,벌레
정성이 있으면 ?에도 세배 간다,한식,청명,우수,곡우,한식
?에 콩 볶아 먹겠다,번갯불,화톳불,등잔불,모닥불,번갯불
비 오는 날 ? 같다,소꼬리,소쿠리,종소리,소꼬리,
범 잡아먹는 ?가 있다,담비,담비,여우,사슴,사자
바늘구멍으로 ? 보기,하늘,바다,산,언덕,하늘
밤 잔 ? 없고 날 샌 ? 없다,원수 - 은혜,은혜 - 원수,원수 - 은혜,선수 - 지혜,지혜 - 선수
'펭하'와 가장 관련성이 높은 것은 무엇일까요?,펭수,뽀로로,펭수,핑구,핑핑이
다음 중 '오놀아놈'을 대체할 수 있는 단어는 무엇일까요?,인싸,인싸,흑우,펭수,혼코노
다음 중 '노빠꾸'를 한 사람은?,"코니 : 아니야, 무조건 직진이야.","브라운 : 이제 돌아가자, 너무 멀리왔어","코니 : 아니야, 무조건 직진이야.",샐리 : 난 포기하고 싶어!,레너드 : 옆으로 가보는건 어떨까?
'반신'과 가장 관련성이 높은 것은 무엇일까요?,존중,욕조,존중,상체,사고
다음 중 '법블레스'를 할 수 있는 상황은?,동생이 화나게 하는 경우,친구가 재채기를 하는 경우,동생이 화나게 하는 경우,노블리스 오블리제를 실천해야하는 경우,사촌언니가 취업한 경우
'라떼는 말이야'와 가장 관련성이 높은 것은 무엇일까요?,기성세대,레스토랑,기성세대,광고,얼죽아
다음 중 '싫존'의 쓰임이 가장 자연스러운 상황을 고르세요.,"아니, 그래도 내 취향이니까 싫존해줘",싫존주의의 대가 하이데거,"아니, 그래도 내 취향이니까 싫존해줘",나는 생각한다. 고로 싫존한다.,아 그건 너무너무 싫존!
다음 중 '플렉스'를 한 사람은?,코니 : 응 사과폰 11 샀어~,브라운 : 그래서 어제 뭘 샀다고?,코니 : 응 사과폰 11 샀어~,샐리 : 도대체 왜 산거야?,레너드 : 그건 코니 마음이라고 생각해!
'구취'와 가장 관련성이 높은 것은 무엇일까요?,구독자,구독자,취향 존중,비둘기,취미
다음 중 '오놀아놈'을 대체할 수 있는 단어는 무엇일까요?,인싸,인싸,흑우,펭수,혼코노
만시지탄(晩時之歎)의 뜻은?,시기에 늦어 기회를 놓쳤음을 안타까워하는 탄식,탄식하는 소리가 천둥과 같다는 뜻,시기에 늦어 기회를 놓쳤음을 안타까워하는 탄식,남에게 해가 미치게 된 것을 뉘우치는 탄식,
붕정만리(鵬程萬里)의 뜻은?,사람의 앞날이 넓고 발전의 여지가 많음,사람의 앞날이 넓고 발전의 여지가 많음,서로 넘나들 수 없도록 막은 크고 긴 장벽,한없이 넓고 큰 바다를 건너가는 의지,
파안대소(破顔大笑)의 뜻은?,매우 즐거운 표정으로 활짝 웃음,소리 없이 빙긋이 웃음,매우 즐거운 표정으로 활짝 웃음,우습지도 않은데 꾸며서 웃는 웃음,
천고마비(天高馬肥)의 뜻은?,하늘이 높푸르고 온갖 곡식이 익는 가을철,높은 하늘만큼 치솟아 있는 산,하늘이 높푸르고 온갖 곡식이 익는 가을철,영원히 썩지 않거나 없어지지 아니함,
인산인해(人山人海)의 뜻은?,사람이 수없이 많이 모인 상태,사람이 많이 사는 지방이나 지역,사람이 수없이 많이 모인 상태,사람이 많이 모여 활기에 찬 분위기,
작은 일을 크게 불리어 떠벌림,침소봉대 (針小棒大),침소봉대 (針小棒大),원형이정 (元亨利貞),사생취의 (捨生取義),침소의대 (寢所衣襨)
금지옥엽(金枝玉葉)의 뜻은?,귀한 자손을 이르는 말,귀한 자손을 이르는 말,가녀리고 가녀린 옥같은 손,세력 따위가 갑자기 기울거나 시듦,
권선징악(勸善懲惡)의 뜻은?,착한 일을 권장하고 악한 일을 징계함,선과 악이 서로 반씩 섞여 있음,착한 일을 권장하고 악한 일을 징계함,지난날의 잘못을 고치어 착하게 됨,
적수공권(赤手空拳)의 뜻은?,아무것도 가진 것이 없음,아무 소용이 없는 물건,아무것도 가진 것이 없음,항상 책을 쥐고 놓지 아니함,
일자무식(一字無識)의 뜻은?,글자를 한 자도 모를 정도로 무식함,글은 모르나 다양한 경험을 가짐,알기는 알아도 똑바로 잘 알지 못함,글자를 한 자도 모를 정도로 무식함,
'바라보다'와 뜻이 다른 단어는?,생기보다,관망하다,생기보다,응시하다,내다보다
'마음씨'와 뜻이 다른 단어는?,원심,맘보,심정,인심,원심
'참으로'와 뜻이 다른 단어는?,각로,가위,각로,실로,그야말로
'흔들리다'와 뜻이 다른 단어는?,거드럭거리다,털럭거리다,요동하다,거드럭거리다,나부끼다
'뒤집어쓰다'와 뜻이 다른 단어는?,내리닫다,걸치다,내리덮다,내리닫다,덮어쓰다
'숙어지다'와 뜻이 다른 단어는?,근숙하다,수그러지다,수굿하다,삭다,근숙하다
'다랍다'와 뜻이 다른 단어는?,돌리다,좀스럽다,더럽다,돌리다,아니꼽다
'열중하다'와 뜻이 다른 단어는?,골중하다,몰입하다,전념하다,고부라지다,골중하다
'간간이'와 뜻이 다른 단어는?,가까이,가까이,듬성듬성,어쩌다,틈틈이
'부수다'와 뜻이 다른 단어는?,야수다,망가뜨리다,허물다,바수다,야수다
여럿이 다 매우 가깝게 붙어 있는 모양,다붓다붓,다붓다붓,담방담방,다복다복,다박다박
'감또개'의 뜻으로 알맞은 것은?,꽃과 함께 떨어진 어린 감,죄를 처단하기를 청하는 송사,옷감의 양 끝에 휘감친 부분,알에서 갓 태어난 병아리,꽃과 함께 떨어진 어린 감
'반둥건둥'의 뜻으로 알맞은 것은?,중도에서 성의 없이 그만두는 모양,자꾸 게으름을 피우며 놀기만 하는 모양,중도에서 성의 없이 그만두는 모양,남의 말을 잘 듣지 아니하고 엇나가는 모양,
충분히 익어 저절로 떨어질 정도가 된 상태,아람,가람,무람,열람,아람
'되술래잡다'의 뜻으로 알맞은 것은?,잘못을 빌어야 할 사람이 도리어 남을 나무라다,아이를 해산할 달의 다음 달에 낳게 되다,아무 잘못이나 관계가 없는 사람을 헐뜯거나 죄인으로 몰다,잘못을 빌어야 할 사람이 도리어 남을 나무라다,사람이 바람이 들어서 헤매고 돌아다니다
'담상담상'의 뜻으로 알맞은 것은?,드물고 성긴 모양,휘휘 자꾸 젓는 모양,드물고 성긴 모양,이리저리 헤어지는 모양,큰 물체가 물에 잠기는 모양
성질이 질기고 억세다,검세다,걱세다,까세다,꺽세다,검세다
제철에 뒤져 맞지 아니하다,철겹다,철없다,철찾다,재겹다,철겹다
'꺽세다'의 뜻으로 알맞은 것은?,매우 단단하고 힘이 세다,기세가 몹시 강하고 사납다,하는 짓이 야무지고 올차다,매우 단단하고 힘이 세다,용기있고 씩씩하고 기운차다
한곳에 붙어 있지 않고 이리저리 몹시 흔들리다,뒤놀다,뒤놀다,능놀다,겉놀다,
'가벼이'와 '가벼히' 어떤 것이 맞는 말?,가벼이 생각할 문제가 아니다.,가벼이 생각할 문제가 아니다.,가벼히 생각할 문제가 아니다.,,
'두리뭉실하다'와 '두리뭉술하다' 어떤 것이 맞는 말?,괜히 두리뭉실하게 말 돌리지 마.,괜히 두리뭉실하게 말 돌리지 마.,괜히 두리뭉술하게 말 돌리지 마.,,
'힘듬'과 '힘듦' 어떤 것이 맞는 말?,그의 얼굴에서 힘듦이 느껴졌다.,그의 얼굴에서 힘듦이 느껴졌다.,그의 얼굴에서 힘듬이 느껴졌다.,,
'곤욕'과 '곤혹' 어떤 것이 맞는 말?,헛소문으로 곤욕을 당했다.,헛소문으로 곤욕을 당했다.,헛소문으로 곤혹을 당했다.,,
'지지률'과 '지지율' 어떤 것이 맞는 말?,지지율이 급속히 떨어졌다.,지지률이 급속히 떨어졌다.,지지율이 급속히 떨어졌다.,,
'케케묵은'과 '캐캐묵은' 어떤 것이 맞는 말?,케케묵은 논쟁은 그만둬야 한다.,케케묵은 논쟁은 그만둬야 한다.,캐캐묵은 논쟁은 그만둬야 한다.,,
'솎다'와 '솟구다' 어떤 것이 맞는 말?,저는 머리숱이 많으니 적당히 솎아 주세요.,저는 머리숱이 많으니 적당히 솎아 주세요.,저는 머리숱이 많으니 적당히 솟구어 주세요.,,
'나날히'와 '나날이' 어떤 것이 맞는 말?,환경이 나날이 개선되고 있다.,환경이 나날히 개선되고 있다.,환경이 나날이 개선되고 있다.,,
'달디달다'와 '다디달다' 어떤 것이 맞는 말?,솜사탕이 다디달다.,솜사탕이 달디달다.,솜사탕이 다디달다.,,
'골았다'와 '곯았다' 어떤 것이 맞는 말?,수박 속이 곯았다.,수박 속이 골았다.,수박 속이 곯았다.,,
여러분 모두 ?입니다,만반잘부,만반잘부,플렉스,꾸안꾸,펭수
'혼코노족'과 가장 관련성이 높은 것은 무엇일까요?,노래방,코딩,코피,노래방,노동
다음 중 '스라밸'의 쓰임이 가장 자연스러운 상황을 고르세요.,학생으로서 스라밸이 중요하지.,거기 딱 스라밸,스라밸 들으니까 정말 크리스마스 같다!,이 공포영화 정말 스라밸이 넘치네.,학생으로서 스라밸이 중요하지.
다음 중 '노빠꾸'를 한 사람은?,"코니 : 아니야, 무조건 직진이야.","브라운 : 이제 돌아가자, 너무 멀리왔어","코니 : 아니야, 무조건 직진이야.",샐리 : 난 포기하고 싶어!,레너드 : 옆으로 가보는건 어떨까?
?니까 소개팅 좀 시켜줘!,인만추,처돌이,얼죽코,인만추,윰차
다음 중 '아바라'의 쓰임이 가장 자연스러운 상황을 고르세요.,아바라와 치즈케잌의 조화가 환상적이지.,내 아바라는 이렇게 귀엽게 생겼어.,아바라와 치즈케잌의 조화가 환상적이지.,"아바라, 그렇게 해서 되겠냐?!",가나다라 아바라?
다음 중 '비담'의 쓰임이 자연스러운 상황은?,얘가 여기서 비담이야,그거 다 니가 지불하려면 비담아니야?,비담은 우리만의 일이 아니야,얘가 여기서 비담이야,날씨가 안좋네 비담하려나?
'혼코노족'과 가장 관련성이 높은 것은 무엇일까요?,노래방,코딩,코피,노래방,노동
다음 중 '관크'의 의미는?,관객 크리티컬,관심사 크러쉬,관객 크리티컬,관심 있는 사람한테 고백하는 크리스마스,관종 크리에이터
다음 중 '윰차'의 쓰임이 가장 자연스러운 상황을 고르세요.,모두 똑같은 사람인데 윰차하면 안되죠!,모두 똑같은 사람인데 윰차하면 안되죠!,"윰차, 힘을 내자!",나 오늘 윰차 냈어.,따뜻한 윰차 한잔 마실래?
맞는 띄어쓰기는?,기분이 좋을 때 뭘 하시나요?,기분이 좋을때 뭘 하시나요?,기분이 좋을 때 뭘 하시나요?,,
띄어쓰기가 맞는 것은?,요즘 먹고살기가 힘들다.,요즘 먹고살기가 힘들다.,요즘 먹고 살기가 힘들다.,,
띄어쓰기가 맞는 것은?,친구 간의 우정이 돈독하다.,친구간의 우정이 돈독하다.,친구 간의 우정이 돈독하다.,,
띄어쓰기가 맞는 것은?,가진 돈이 천 원밖에 없다.,가진 돈이 천 원밖에 없다.,가진 돈이 천 원 밖에 없다.,,
띄어쓰기가 맞는 것은?,여행을 갈 것이다.,여행을 갈 것이다.,여행을 갈 것 이다.,,
띄어쓰기가 맞는 것은?,부모님께 말씀드렸다.,부모님께 말씀드렸다.,부모님께 말씀 드렸다.,,
띄어쓰기가 맞는 것은?,그는 오늘 밤 도망갈 거다,그는 오늘 밤 도망갈거다.,그는 오늘 밤 도망갈 거다,,
띄어쓰기가 맞는 것은?,애교 살을 강조했다.,애교살을 강조했다.,애교 살을 강조했다.,,
띄어쓰기가 맞는 것은?,그런 소리 하지 마.,그런 소리 하지 마.,그런 소리 하지마.,,
맞는 띄어쓰기는?,선물 같은 하루,선물같은 하루,선물 같은 하루,,
올바른 외래어 표기는?,카디건,가디건,카디건,,
올바른 외래어 표기는?,카페,카페,까페,케페,
올바른 외래어 표기는?,케첩,케찹,캐첩,케챱,케첩
올바른 외래어 표기는?,냅킨,냅킨,내프킨,,
올바른 외래어 표기는?,라이선스,라이선스,라이센스,,
올바른 외래어 표기는?,러닝 셔츠,런닝 셔츠,러닝 셔츠,,
올바른 외래어 표기는?,타깃,타깃,타겟,,
올바른 외래어 표기는?,스노,스노,스노우,,
올바른 외래어 표기는?,내비게이션,내비게이션,네비게이션,,
올바른 외래어 표기는?,스티로폼,스티로폴,스티로폼,,
'즐기다'와 뜻이 다른 단어는?,향익하다,만끽하다,향익하다,구가하다,향락하다
'짐작하다'와 뜻이 다른 단어는?,짐시하다,눈대중하다,어림잡다,짐시하다,헤아리다
'정하다'와 뜻이 다른 단어는?,제청하다,가다듬다,작심하다,제정하다,제청하다
'흔들리다'와 뜻이 다른 단어는?,거드럭거리다,털럭거리다,요동하다,거드럭거리다,나부끼다
'비슷하다'와 뜻이 다른 단어는?,만연하다,만연하다,완연하다,가깝다,대등하다
'선발하다'와 뜻이 다른 단어는?,용장하다,간탁하다,등용하다,용장하다,선정하다
'넘어지다'와 뜻이 다른 단어는?,흐트러지다,거꾸러지다,흐트러지다,엎어지다,나동그라지다
'속마음'과 뜻이 다른 단어는?,심연,심연,간장,심중,저의
'마치다'와 뜻이 다른 단어는?,피하다,피하다,파하다,다하다,이루다
'어쨌든'과 뜻이 다른 단어는?,부질간,부질간,여하튼,가부간,하여간
'눈살'과 '눈쌀' 어떤 것이 맞는 말?,눈살을 찌푸리고 노려보았다.,눈살을 찌푸리고 노려보았다.,눈쌀을 찌푸리고 노려보았다.,,
'잔치를 벌이다'와 '잔치를 벌리다' 어떤 것이 맞는 말?,마당에서 큰 잔치를 벌였다.,마당에서 큰 잔치를 벌였다.,마당에서 큰 잔치를 벌렸다.,,
'그을다'와 '그으르다' 어떤 것이 맞는 말?,흙벽이 시꺼멓게 그을다.,흙벽이 시꺼멓게 그을다.,흙벽이 시꺼멓게 그으르다.,,
'곤욕'과 '곤혹' 어떤 것이 맞는 말?,헛소문으로 곤욕을 당했다.,헛소문으로 곤욕을 당했다.,헛소문으로 곤혹을 당했다.,,
'눈곱'과 '눈꼽' 어떤 것이 맞는 말?,눈곱이라도 좀 떼고 나가라,눈곱이라도 좀 떼고 나가라,눈꼽이라도 좀 떼고 나가라,,
'찝쩍대는'과 '찝적대는' 어떤 것이 맞는 말?,찝쩍대는 파리를 손으로 내리쳤다.,찝적대는 파리를 손으로 내리쳤다.,찝쩍대는 파리를 손으로 내리쳤다.,,
'가재미'와 '가자미' 어떤 것이 맞는 말?,식탁에 가자미 구이가 올라왔다.,식탁에 가자미 구이가 올라왔다.,식탁에 가재미 구이가 올라왔다.,,
어떤 것이 맞는 말?,그 방면에는 문외한이다.,그 방면에는 문외안이다.,그 방면에는 문외한이다.,그 방면에는 무뇌한이다.,
'부조금'과 '부주금' 어떤 것이 맞는 말?,부조금은 얼마가 적당할까?,부주금은 얼마가 적당할까?,부조금은 얼마가 적당할까?,,
'고랭지'와 '고냉지' 어떤 것이 맞는 말?,고랭지 농업에 대한 기사를 봤어.,고랭지 농업에 대한 기사를 봤어.,고냉지 농업에 대한 기사를 봤어.,,
다음 중 '자낳괴'의 의미는?,자본주의가 낳은 괴물,자식을 낳으면 괴롭다,자본주의가 낳은 괴물,자연이 낳은 괴생명체,자유롭게 날아다니면 괴로움은 사라져
다음 중 '이생망'의 쓰임이 자연스러운 상황은?,"콘서트 티켓 못 구했어, 역시 이생망인가봐",어머 너 이 그릇 이생망에서 산거야?!,"콘서트 티켓 못 구했어, 역시 이생망인가봐",와 이생망 어디서 샀어? 정말 달고 맛있다!,아직도 방충망써? 요즘 이생망이 대세야!
'혼코노족'과 가장 관련성이 높은 것은 무엇일까요?,노래방,코딩,코피,노래방,노동
'사딸라'와 가장 관련이 높은 것은?,김영철,샘 해밍턴,나영석,김영철,존 F 케네디
솔직히 순대국엔 깍두기가 ?이지,국룰,흑우,영끌,국룰,스라밸
다음 중 '이생망'의 쓰임이 자연스러운 상황은?,"콘서트 티켓 못 구했어, 역시 이생망인가봐",어머 너 이 그릇 이생망에서 산거야?!,"콘서트 티켓 못 구했어, 역시 이생망인가봐",와 이생망 어디서 샀어? 정말 달고 맛있다!,아직도 방충망써? 요즘 이생망이 대세야!
?에 무슨 그런말을 하고 그래!,이시국,이시국,이선좌,이생망,이크에크
'혼코노족'과 가장 관련성이 높은 것은 무엇일까요?,노래방,코딩,코피,노래방,노동
'라떼는 말이야'와 가장 관련성이 높은 것은 무엇일까요?,기성세대,레스토랑,기성세대,광고,얼죽아
다음 중 '아바라'의 쓰임이 가장 자연스러운 상황을 고르세요.,아바라와 치즈케잌의 조화가 환상적이지.,내 아바라는 이렇게 귀엽게 생겼어.,아바라와 치즈케잌의 조화가 환상적이지.,"아바라, 그렇게 해서 되겠냐?!",가나다라 아바라?
'한소끔'의 뜻으로 알맞은 것은?,한 번 끓어오르는 모양,서로서로 저마다,한 번 끓어오르는 모양,죽기로 기를 쓰고,
늦추어진 것을 바짝 잡아 죄는 일,다잡이,감잡이,다잡이,드잡이,제잡이
'트레바리'의 뜻으로 알맞은 것은?,남의 말에 반대하기를 좋아함,불평을 하거나 말썽을 부릴 만한 흠,남의 말에 반대하기를 좋아함,옳고 그름을 따지는 말다툼,비위가 상하게 비틀어 말함
일을 해내는 솜씨나 능력,제낄손,손바꿈,제낄손,깃달이,억짓손
'담상담상'의 뜻으로 알맞은 것은?,드물고 성긴 모양,휘휘 자꾸 젓는 모양,드물고 성긴 모양,이리저리 헤어지는 모양,큰 물체가 물에 잠기는 모양
단단한 물체 속의 한 부분이 텅 비다,궁글다,옹글다,궁글다,몽글다,벙글다
허술한 데가 없이 야무지고 기운차다,올차다,거차다,알차다,올차다,올곧다
'다붓다붓'의 뜻으로 알맞은 것은?,여럿이 다 매우 가깝게 붙어 있는 모양,외따로 떨어져 여기저기 모여 있는 모양,여럿이 정답게 이야기 하는 모양,여럿이 다 또는 매우 너른 모양,여럿이 다 매우 가깝게 붙어 있는 모양
허술한 데가 없이 야무지고 기운차다,올차다,거차다,알차다,올차다,올곧다
'능놀다'의 뜻으로 알맞은 것은?,쉬어 가며 일을 천천히 하다,버릇없이 함부로 놀거나 행동하다,새나 나비 따위가 오르락내리락하며 날다,쉬어 가며 일을 천천히 하다,정처 없이 여기저기 돌아다니다
'생각하다'와 뜻이 다른 단어는?,수심하다,수심하다,궁리하다,바라다,헤아리다
'선발하다'와 뜻이 다른 단어는?,용장하다,간탁하다,등용하다,용장하다,선정하다
'음흉하다'와 뜻이 다른 단어는?,고험하다,간특하다,음험하다,이물스럽다,고험하다
'뒤집다'와 뜻이 다른 단어는?,뒤지다,번복하다,뒤지다,홉뜨다,헤집다
'참으로'와 뜻이 다른 단어는?,각로,가위,각로,실로,그야말로
'건방지다'와 뜻이 다른 단어는?,옹골지다,도도하다,버릇없다,시건방지다,옹골지다
'연마하다'와 뜻이 다른 단어는?,도수하다,단련하다,정련하다,도수하다,함양하다
'야박하다'와 뜻이 다른 단어는?,얄망궂다,박정하다,얄망궂다,매몰차다,인색하다
'보호하다'와 뜻이 다른 단어는?,결호하다,수호하다,엄호하다,결호하다,옹호하다
'바라다'와 뜻이 다른 단어는?,연유하다,연유하다,열망하다,소원하다,촉망하다
매우 실속 있고 다부지다,옹글다,옹글다,궁글다,몽글다,벙글다
가죽으로 만든 우리 고유의 신,갖신,갖신,고신,가신,준신
'벙글다'의 뜻으로 알맞은 것은?,어린 꽃봉오리가 꽃을 피우기 위해 망울이 생기다,열매가 매우 실속 있고 다부지다,어린 꽃봉오리가 꽃을 피우기 위해 망울이 생기다,알맹이 속이 부실하고 변변치 아니하다,낟알이 까끄라기나 허섭스레기가 붙지 않아 깨끗하다
남다른 재능을 지닌 사람,슬기주머니,두루주머니,슬기주머니,토리주머니,
'잡을손'의 뜻으로 알맞은 것은?,일을 다잡아 해내는 솜씨,어떤 방면에서 썩 훌륭한 솜씨,무리하게 억지로 해내는 솜씨,일을 다잡아 해내는 솜씨,손을 빠르게 놀려 만드는 솜씨
샘이 많아서 안달하는 사람,샘바리,샘꼬니,샘받이,샘바리,
'무드러기'의 뜻으로 알맞은 것은?,미처 다 타지 않고 남아 있는 장작개비,쓰고 남은 자질구레한 조각,골라내거나 잘라 내고 남은 나머지,과일의 크기가 다른 것에 비해 굵고 큰 것,미처 다 타지 않고 남아 있는 장작개비
'올차다'의 뜻으로 알맞은 것은?,허술한 데가 없이 야무지고 기운차다,허술한 데가 없이 야무지고 기운차다,기운이 세고 덩치가 크며 세차다,속이 꽉 차고 실속있다,행동은 허술하지만 속은 깊이 있다
아기가 곱게 자는 모양,소록소록,노근노근,애면글면,소록소록,앙글방글
보수도 주지 아니하고 억지로 부림,강다짐,강다짐,건다짐,막다짐,욱다짐
'반신'과 가장 관련성이 높은 것은 무엇일까요?,존중,욕조,존중,상체,사고
다음 중 '두쿵'을 대체할 수 있는 표현을 고르세요.,심쿵,심쿵,편두통,둥기둥기,비담
'라떼는 말이야'와 가장 관련성이 높은 것은 무엇일까요?,기성세대,레스토랑,기성세대,광고,얼죽아
내 최애는 ?야,애빼시,이시국,이선좌,애빼시,누물보
다음 중 '전공'의 쓰임이 자연스러운 상황은?,SNS에 올릴 때 사진 전공하지 말아주세요,이번 전공은 특별한 무대로 준비했어요.,친구들끼리 돈 주고 받을 때는 전공이지!,공사하기 전에는 전공이 필요하죠!,SNS에 올릴 때 사진 전공하지 말아주세요
다음 중 '꾸안꾸'의 쓰임이 가장 자연스러운 상황을 고르세요.,꾸안꾸 자연스러운게 가장 좋지,꾸안꾸 자연스러운게 가장 좋지,귀여울 때는 꾸안꾸!,그래서 나한테 돈을 꾸안꾸?,고기 구울때 나는 꾸안꾸가 딱 좋아.
?니까 소개팅 좀 시켜줘!,인만추,처돌이,얼죽코,인만추,윰차
다음 중 '윰차'의 쓰임이 가장 자연스러운 상황을 고르세요.,모두 똑같은 사람인데 윰차하면 안되죠!,모두 똑같은 사람인데 윰차하면 안되죠!,"윰차, 힘을 내자!",나 오늘 윰차 냈어.,따뜻한 윰차 한잔 마실래?
다음 중 '발컨' 한 사람은?,"코니 : 미안해, 나 때문에 지게 생겼네",브라운 : 야 거기서 그걸 그렇게 하면 어떡해!,"코니 : 미안해, 나 때문에 지게 생겼네",샐리 : 야 넌 좀 빠져 !,"레너드 : 왜 그래, 그럴수도 있지. 괜찮아!"
다음 중 '팬아저'의 쓰임이 자연스러운 상황은?,너무 잘생겨서 팬아저,아이유는 40대 팬아저 많잖아.,너무 잘생겨서 팬아저,아 이런건 특히 팬아저로 요리해야 제맛이지.,이렇게 먹으면 팬아저
'모자란 돈'와 '모자른 돈' 어떤 것이 맞는 말?,모자란 돈은 아르바이트로 마련했어요.,모자란 돈은 아르바이트로 마련했어요.,모자른 돈은 아르바이트로 마련했어요.,,
'옜다'와 '예따' 어떤 것이 맞는 말?,"옜다, 이거나 받아라.","예따, 이거나 받아라.","옜다, 이거나 받아라.",,
'섭취량'과 '섭취양' 어떤 것이 맞는 말?,하루 섭취량을 넘었습니다.,하루 섭취량을 넘었습니다.,하루 섭취양을 넘었습니다.,,
'나물을 무치다'와 '나물을 묻히다' 어떤 것이 맞는 말?,나물을 무치다,나물을 무치다,나물을 묻히다,,
'아무튼'과 '아뭏든' 어떤 것이 맞는 말?,아무튼 불행 중 다행이야.,아무튼 불행 중 다행이야.,아뭏든 불행 중 다행이야.,,
'증가율'과 '증가률' 어떤 것이 맞는 말?,그 사업은 매년 수익 증가율이 오른다.,그 사업은 매년 수익 증가률이 오른다.,그 사업은 매년 수익 증가율이 오른다.,,
'바라 왔던'과 '바래 왔던' 어떤 것이 맞는 말?,내가 바라 왔던 꿈을 이뤘다.,내가 바래 왔던 꿈을 이뤘다.,내가 바라 왔던 꿈을 이뤘다.,,
'옆눈'과 '곁눈' 어떤 것이 맞는 말?,곁눈으로 살짝 보다.,옆눈으로 살짝 보다.,곁눈으로 살짝 보다.,,
'알은체'와 '아는체' 어떤 것이 맞는 말?,너 나 알은체 하지마라.,너 나 아는체 하지마라.,너 나 알은체 하지마라.,,
'빚을 갚다'와 '빛을 갚다' 어떤 것이 맞는 말?,드디어 빚을 다 갚았다.,드디어 빚을 다 갚았다.,드디어 빛을 다 갚았다.,,
좁쌀에 ? 판다,뒤웅,뒤웅,간웅,배웅,영웅
쥐구멍에 ? 세우겠다,홍살문,홍살문,마루문,남대문,유리문
말 안 하면 ?도 모른다,귀신,친구,귀신,누이,하늘
약삭빠른 ? 밤눈이 어둡다,강아지,강아지,부엉이,고양이,
?에 곡식이 혀를 빼물고 자란다,마파람,갈바람,하늬바람,비바람,마파람
버는 자랑 말고 ? 자랑 하랬다,쓰는,쓰는,노는,피는,가는
뱀이 용 되어 ?한다,큰소리,새소리,헛소리,큰소리,판소리
감기는 ?에 내려앉는다,밥상머리,양지머리,책상머리,밥상머리,베갯머리
달밤에 ? 쓰고 나온다,삿갓,모자,삿갓,갓,가면
봄비는 ?요 가을비는 ?라,잠 비 - 떡 비,잠 비 - 떡 비,부슬비 - 장대비,꽃 비 - 낙엽 비,
'떠들썩하다'와 뜻이 다른 단어는?,약조하다,부산하다,수선스럽다,왁자하다,약조하다
'가만히'와 뜻이 다른 단어는?,가까이,몰래,가까이,살금살금,순순히
'요사이'와 뜻이 다른 단어는?,근치,저간,근치,근자,요즘
'감싸다'와 뜻이 다른 단어는?,휘젓다,보호하다,편애하다,휘감다,휘젓다
'움직임'과 뜻이 다른 단어는?,생경,생동,생경,추이,동태
'분명하다'와 뜻이 다른 단어는?,적의하다,명료하다,적의하다,적확하다,역력하다
'스타일'과 뜻이 다른 단어는?,파치,풍채,파치,자태,필치
'붙이다'와 뜻이 다른 단어는?,포착하다,알선하다,부착하다,포착하다,주선하다
'지니다'와 뜻이 다른 단어는?,보린하다,보유하다,유지하다,보린하다,갖추다
'떨어뜨리다'와 뜻이 다른 단어는?,돌아내리다,돌아내리다,끌어내리다,떨어트리다,흘리다
올바른 외래어 표기는?,미스터리,미스터리,미스테리,,
올바른 외래어 표기는?,커닝,커닝,컨닝,,
올바른 외래어 표기는?,라이선스,라이선스,라이센스,,
올바른 외래어 표기는?,인턴십,인턴십,인턴쉽,,
올바른 외래어 표기는?,스케줄,스케줄,스케쥴,,
올바른 외래어 표기는?,심벌,심볼,심벌,,
올바른 외래어 표기는?,카세트,카세트,카셋트,,
올바른 외래어 표기는?,트렌드,트랜드,트렌드,,
올바른 외래어 표기는?,미스터리,미스터리,미스테리,,
올바른 외래어 표기는?,랑데부,랑데부,랑데뷰,,
'닁큼'과 '닝큼' 어떤 것이 맞는 말?,부름에 닁큼 일어났다.,부름에 닁큼 일어났다.,부름에 닝큼 일어났다.,,
어떤 것이 맞는 말?,괴나리봇짐을 지고 길을 나섰다.,괴나리봇짐을 지고 길을 나섰다.,개나리봇짐을 지고 길을 나섰다.,,
'걷잡다'와 '겉잡다' 어떤 것이 맞는 말?,불길이 걷잡을 수 없이 번져 나갔다.,불길이 걷잡을 수 없이 번져 나갔다.,불길이 겉잡을 수 없이 번져 나갔다.,,
'호졸근하다'와 '호줄근하다' 어떤 것이 맞는 말?,옷이 땀에 젖어 호졸근하다.,옷이 땀에 젖어 호줄근하다.,옷이 땀에 젖어 호졸근하다.,,
'설레는'과 '설레이는' 어떤 것이 맞는 말?,설레는 마음을 숨길 수 없어.,설레는 마음을 숨길 수 없어.,설레이는 마음을 숨길 수 없어.,,
'깎듯이'와 '깍듯이' 어떤 것이 맞는 말?,그녀는 깍듯이 인사한다.,그녀는 깍듯이 인사한다.,그녀는 깎듯이 인사한다.,,
'나무라다'와 '나무래다' 어떤 것이 맞는 말?,아이의 잘못을 나무라다.,아이의 잘못을 나무래다.,아이의 잘못을 나무라다.,,
'일부러'와 '일부로' 어떤 것이 맞는 말?,일부러 모르는 체했다.,일부로 모르는 체했다.,일부러 모르는 체했다.,,
'알맞는'과 '알맞은' 어떤 것이 맞는 말?,다음 중 알맞은 답을 고르시오.,다음 중 알맞은 답을 고르시오.,다음 중 알맞는 답을 고르시오.,,
'곱배기'와 '곱빼기' 어떤 것이 맞는 말?,자장면 곱빼기 하나 주세요.,자장면 곱배기 하나 주세요.,자장면 곱빼기 하나 주세요.,,
'빈틈없다'와 뜻이 다른 단어는?,여념없다,면밀하다,원숙하다,여념없다,알뜰하다
'옮기다'와 뜻이 다른 단어는?,전게하다,전게하다,전이하다,비키다,치우다
'도망하다'와 뜻이 다른 단어는?,용빼다,피신하다,용빼다,내빼다,탈출하다
'보드랍다'와 뜻이 다른 단어는?,반드레하다,순하다,보드레하다,반드레하다,나긋나긋하다
'망치다'와 뜻이 다른 단어는?,헤치다,상하다,해치다,헤치다,잡치다
'손보다'와 뜻이 다른 단어는?,수사하다,중수하다,수사하다,만지다,수습하다
'부드럽다'와 뜻이 다른 단어는?,영합하다,녹녹하다,원활하다,물렁하다,영합하다
'바로잡다'와 뜻이 다른 단어는?,상정하다,개정하다,정정하다,상정하다,확정하다
'건방지다'와 뜻이 다른 단어는?,옹골지다,도도하다,버릇없다,시건방지다,옹골지다
'터지다'와 뜻이 다른 단어는?,애련하다,뚫리다,애끓다,째지다,애련하다
띄어쓰기가 맞는 것은?,그는 예고 없이 찾아왔다.,그는 예고없이 찾아왔다.,그는 예고 없이 찾아왔다.,,
띄어쓰기가 맞는 것은?,홍길동 씨 처음 뵙겠습니다.,홍길동 씨 처음 뵙겠습니다.,홍길동씨 처음 뵙겠습니다.,,
띄어쓰기가 맞는 것은?,맥없이 포기하지 말자.,맥없이 포기하지 말자.,맥 없이 포기하지 말자.,,
띄어쓰기가 맞는 것은?,그는 오늘 밤 도망갈 거다,그는 오늘 밤 도망갈거다.,그는 오늘 밤 도망갈 거다,,
띄어쓰기가 맞는 것은?,질문에 대해 자세히 답변드렸다.,질문에 대해 자세히 답변드렸다.,질문에 대해 자세히 답변 드렸다.,,
띄어쓰기가 맞는 것은?,우리 집에 한번 놀러 오세요.,우리 집에 한번 놀러 오세요.,우리 집에 한 번 놀러 오세요.,,
맞는 띄어쓰기는?,바지 두 벌을 샀다.,바지 두벌을 샀다.,바지 두 벌을 샀다.,,
띄어쓰기가 맞는 것은?,여러 가지 물건들을 구경했다.,여러가지 물건들을 구경했다.,여러 가지 물건들을 구경했다.,,
띄어쓰기가 맞는 것은?,질문에 대해 자세히 답변드렸다.,질문에 대해 자세히 답변드렸다.,질문에 대해 자세히 답변 드렸다.,,
띄어쓰기가 맞는 것은?,가족들이 정말 보고 싶어,가족들이 정말 보고싶어,가족들이 정말 보고 싶어,,
올바른 외래어 표기는?,브러시,브러쉬,브러시,,
올바른 외래어 표기는?,슈림프,슈림프,쉬림프,,
올바른 외래어 표기는?,뷔페,뷔페,부페,부펫,
올바른 외래어 표기는?,슈림프,슈림프,쉬림프,,
올바른 외래어 표기는?,케이크,케익,케잌,케이크,
올바른 외래어 표기는?,칼럼,컬럼,칼럼,,
올바른 외래어 표기는?,그라탱,그라탕,그라탱,,
올바른 외래어 표기는?,콘텐츠,컨텐츠,콘텐츠,,
올바른 외래어 표기는?,뷔페,부페,뷔페,,
올바른 외래어 표기는?,장르,쟝르,장르,,
반포지효(反哺之孝)의 뜻은?,자식이 자란 후에 어버이의 은혜를 갚는 효성,어버이의 은혜가 넓고 큰 하늘과 같음,선천적으로 타고난 지극한 효성,자식이 자란 후에 어버이의 은혜를 갚는 효성,
견리사의(見利思義)의 뜻은?,눈앞의 이익을 보면 의리를 먼저 생각함,눈앞의 이익을 보면 의리를 먼저 생각함,눈앞의 이익이나 명예에 끌리는 속된 마음,의리에 어긋나는 일이 아닌지 생각함,
바른 길에서 벗어난 학문으로 세상 사람에게 아첨함,곡학아세 (曲學阿世),다문박식 (多聞博識),곡학아세 (曲學阿世),견리사의 (見利思義),
자기의 욕심을 누르고 예의범절을 따름,극기복례 (克己復禮),고식지계 (姑息之計),목불식정 (目不識丁),극기복례 (克己復禮),
백면서생(白面書生)의 뜻은?,글만 읽고 세상일에는 경험이 없는 사람,실력이 없으면서도 허세로만 떠벌림,글만 읽고 세상일에는 경험이 없는 사람,마음이 맑고 깨끗하며 재물 욕심이 없음,
말에 순서와 줄거리가 없음,어무윤척 (語無倫脊),어무윤척 (語無倫脊),언어도단 (言語道斷),금린옥척 (錦鱗玉尺),어무상론 (語無常論)
아주 까막눈임,목불식정 (目不識丁),설상가상 (雪上加霜),말여지하 (末如之何),목불식정 (目不識丁),
경천동지(驚天動地)의 뜻은?,세상을 몹시 놀라게 함,뜻밖의 일로 깜짝 놀람,거짓으로 놀라는 체함,세상을 몹시 놀라게 함,
이심전심(以心傳心)의 뜻은?,마음과 마음으로 서로 뜻이 통함,명랑하고 거리낌이나 숨김이 없는 마음,마음과 마음으로 서로 뜻이 통함,한결같이 변하지 않는 참된 마음,
처음은 왕성하나 끝이 부진한 현상,용두사미 (龍頭蛇尾),단사표음 (簞食瓢飮),용두익수 (龍頭鷁首),용두사미 (龍頭蛇尾),구오사미 (驅烏沙彌)
바람도 ?이 낫다,올바람,갈바람,큰바람,올바람,신바람
고슴도치도 제 새끼는 ?하다고 한다,함함,곱상,함함,삐죽,
조막손이 ? 도둑질한다,달걀,바늘,달걀,소,곳간
얻은 죽에 ?(이)가 아프다,머리,머리,마음,가슴,
부러진 칼자루에 ?하기,옻칠,금칠,먹칠,옻칠,
뱀이 용 되어 ?한다,큰소리,새소리,헛소리,큰소리,판소리
배추밭에 ?처럼 내던진다,개똥,소똥,개똥,말똥,쥐똥
가을 ?는 문 걸어 잠그고 먹는다,상추,대추,상추,고추,
버는 자랑 말고 ? 자랑 하랬다,쓰는,쓰는,노는,피는,가는
달밤에 ? 쓰고 나온다,삿갓,모자,삿갓,갓,가면
'연마하다'와 뜻이 다른 단어는?,도수하다,단련하다,정련하다,도수하다,함양하다
'살붙이'와 뜻이 다른 단어는?,동맹,혈족,겨레,동맹,동족
'날리다'와 뜻이 다른 단어는?,상응하다,까먹다,상응하다,선양하다,떨치다
'야박하다'와 뜻이 다른 단어는?,얄망궂다,박정하다,얄망궂다,매몰차다,인색하다
'움직임'과 뜻이 다른 단어는?,생경,생동,생경,추이,동태
'늘어지다'와 뜻이 다른 단어는?,들락이다,들락이다,너부러지다,팽창하다,매달리다
'범하다'와 뜻이 다른 단어는?,접붙다,위배하다,빼앗다,접붙다,침노하다
'끝내다'와 뜻이 다른 단어는?,기리다,마무리하다,종결하다,기리다,이루다
'감독하다'와 뜻이 다른 단어는?,설명하다,감찰하다,지도하다,설명하다,관장하다
'끊임없이'와 뜻이 다른 단어는?,나날이,나날이,내내,면면히,부단히
자식이 자라면 ? 된다,상전,어른,양반,친구,상전
약삭빠른 ? 밤눈이 어둡다,강아지,강아지,부엉이,고양이,
봄비는 ?요 가을비는 ?라,잠 비 - 떡 비,잠 비 - 떡 비,부슬비 - 장대비,꽃 비 - 낙엽 비,
아이 보는 데는 ?도 못 먹는다,찬물,찬물,고기,술,
드문드문 걸어도 ?걸음,황소,황소,종종,오리,
밭을 사려면 ? 을(를) 보라,변두리,사촌,중심지,변두리,남은 돈
장꾼은 하나인데 ?는 열둘이라,풍각쟁이,개구쟁이,풍각쟁이,고집쟁이,쑥부쟁이
일각이 ? 같다,삼추,삼월,삼각,삼추,중추
입맛 나자 ? 떨어진다,노수,쌀,노수,콩,그릇
여우가 죽으니까 ?가 슬퍼한다,토끼,늑대,고양이,토끼,사슴
띄어쓰기가 맞는 것은?,요즘 정말 살맛 난다.,요즘 정말 살맛 난다.,요즘 정말 살맛난다.,,
띄어쓰기가 맞는 것은?,오래전부터 널 지켜보았어.,오래 전부터 널 지켜보았어.,오래전 부터 널 지켜보았어.,오래전부터 널 지켜보았어.,
띄어쓰기가 맞는 것은?,5월 25일 자 신문을 가져왔다.,5월 25일자 신문을 가져왔다.,5월 25일 자 신문을 가져왔다.,,
맞는 띄어쓰기는?,밤새 한숨도 못 잤다.,밤새 한숨도 못잤다.,밤새 한숨도 못 잤다.,,
띄어쓰기가 맞는 것은?,스물여섯 번째 만남이다.,스물여섯 번째 만남이다.,스물 여섯 번째 만남이다.,,
띄어쓰기가 맞는 것은?,저 녀석 버르장머리하고는,저 녀석 버르장머리 하고는,저 녀석 버르장 머리 하고는,저 녀석 버르장머리하고는,
띄어쓰기가 맞는 것은?,거짓말이 다 들통나 버렸다.,거짓말이 다 들통나 버렸다.,거짓말이 다 들통 나 버렸다.,,
띄어쓰기가 맞는 것은?,오늘 밤에 비가 올 예정이다.,오늘밤에 비가 올 예정이다.,오늘 밤에 비가 올 예정이다.,,
띄어쓰기가 맞는 것은?,서류를 검토한바 거짓이 발견됐다.,서류를 검토한 바 거짓이 발견됐다.,서류를 검토한바 거짓이 발견됐다.,,
맞는 띄어쓰기는?,그 사람,그사람,그 사람,,
범 잡아먹는 ?가 있다,담비,담비,여우,사슴,사자
길을 떠나려거든 ?도 빼어 놓고 가라,눈썹,목,눈썹,안경,동전
쟁기질 못하는 놈이 ? 탓한다,소,말,소,개,닭
계란에도 ? 있다,뼈,껍질,알맹이,뼈,씨
비는 데는 ?도 녹는다,무쇠,애간장,석쇠,파간장,무쇠
쟁기질 못하는 놈이 ? 탓한다,소,말,소,개,닭
?을(를) 열두 벌 입어도 보일 것은 다 보인다,고쟁이,마고자,속적삼,저고리,고쟁이
"가자니 태산이요, 돌아서자니 ?이라",숭산,남산,언덕,숭산,골짜기
앉아 주고 ? 받는다,서서,되로,말로,서서,몰래
고운 일 하면 ? 먹는다,고운 밥,고운 밥,고운 떡,고기,배불리
올바른 외래어 표기는?,소시지,소세지,쏘세지,소시지,쏘시지
올바른 외래어 표기는?,알루미늄 포일,알루미늄 포일,알루미늄 호일,,
올바른 외래어 표기는?,로맨티시스트,로맨티시스트,로맨티스트,,
올바른 외래어 표기는?,내비게이터,네비게이터,내비게이터,,
올바른 외래어 표기는?,멜론,멜론,메론,,
올바른 외래어 표기는?,달러,달라,달러,딸라,
올바른 외래어 표기는?,도넛,도너츠,도나스,도넛,
올바른 외래어 표기는?,녹다운,녹다운,넉다운,,
올바른 외래어 표기는?,프라이드 치킨,후라이드 치킨,프라이드 치킨,,
올바른 외래어 표기는?,쿠페,쿠패,쿠페,,
'그루잠'의 뜻으로 알맞은 것은?,깨었다가 다시 든 잠,깨었다가 다시 든 잠,깊이 들지 못하고 자꾸 놀라 깨는 잠,고개를 꾸벅거리며 조는 잠,자야 할 시간이 아닌 때에 몰래 자는 잠
'제잡이'의 뜻으로 알맞은 것은?,스스로 자기 자신을 망치는 일,어떤 일의 방향을 잡는 일,스스로 자기 자신을 망치는 일,길을 인도해 주는 사람,어떤 일을 처음 시작하는 사람
생각이나 뜻이 크고 넓다,웅숭깊다,깊디깊다,호박하다,크넓다,웅숭깊다
'게염'의 뜻으로 알맞은 것은?,부러워하며 시샘하여 탐내는 마음,부러워하며 시샘하여 탐내는 마음,남을 꾀어서 좋지 아니한 길로 이끄려는 마음,갈피를 잡지 못하고 결정을 내리지 못하는 마음,
'곁땀'의 뜻으로 알맞은 것은?,겨드랑이에서 나는 땀,바느질을 하기 전에 미리 표시한 부분,겨드랑이에서 나는 땀,일을 이룰 때 함께 한 수고,결과를 가져오게 된 원인
중도에서 성의 없이 그만두는 모양,반둥건둥,반둥건둥,빈둥빈둥,빈대고둥,
차분하고 꾸준한 모양,지며리,지며리,꾸럼지,지게미,차마리
'마들가리'의 뜻으로 알맞은 것은?,나무의 가지가 없는 줄기,서로 어긋나게 걸쳐서 차곡차곡 쌓은 더미,나무의 가지가 없는 줄기,볏단을 십자형으로 더미를 지어 쌓은 볏가리,차나무의 어린잎을 우린 물
가루 따위가 미세하고 곱다,몽글다,옹글다,궁글다,몽글다,벙글다
충분히 익어 저절로 떨어질 정도가 된 상태,아람,가람,무람,열람,아람
나그네 보내고 ? 한다,점심,욕,위로,점심,안도
벗 줄 것은 없어도 ? 줄 것은 있다,도둑,친구,도둑,누이,남
백옥이 ?에 묻힌다,진토,국토,영토,농토,진토
비 오는 날 ? 같다,소꼬리,소쿠리,종소리,소꼬리,
?가 ?를 따라가면 다리가 찢어진다,뱁새 - 황새,황새 - 뱁새,뱁새 - 황새,참새-박새,박새-참새
밥이 얼굴에 ? 붙었다,더덕더덕,더덕더덕,덕지덕지,깨알같이,빈틈없이
바늘구멍으로 ? 보기,하늘,바다,산,언덕,하늘
불난 데서 ? 한다,불이야,불이야,비나이다,불구경,
장옷 쓰고 ? 먹기,엿,엿,떡,밥,
? 먹으면 태산도 못 당한다,앉아서,배불리,앉아서,맘먹고,누워서
일을 짓궂게 훼방함,헤살,말살,헤살,득살,칙살
서로 마음이 맞지 아니하여 사이가 벌어지는 모양,아근바근,울고불고,앙글방글,아근바근,아글바글
'끌밋하다'의 뜻으로 알맞은 것은?,차림새 따위가 매우 깨끗하고 헌칠하다,모양이 지저분하지 않고 유난히 깨끗하다,조금 희고 깨끗하다,얼굴이 부어 오른 듯한 느낌이 있다,차림새 따위가 매우 깨끗하고 헌칠하다
'모지랑이'의 뜻으로 알맞은 것은?,오래 써서 끝이 닳아 떨어진 물건,한 쪽으로 옥아 들어 곱아든 물건,한 쪽으로 오목하게 들어가거나 주름이 잡힌 물건,오래 써서 끝이 닳아 떨어진 물건,다 삭아서 못 쓰게 된 물건
식구가 없어 홀가분한 사람,단출내기,여린내기,잔풀내기,수월내기,단출내기
샘이 많아서 안달하는 사람,샘바리,샘꼬니,샘받이,샘바리,
'철겹다'의 뜻으로 알맞은 것은?,제철에 뒤져 맞지 아니하다,사상이나 의지가 동요됨이 없이 확고하다,사리를 분별할 만한 지각이 없다,사리를 분별하는 힘이 생기다,제철에 뒤져 맞지 아니하다
물건값을 제하고 거슬러 받는 잔돈,우수리,우수리,되수리,까팡돈,시겟돈
'구순하다'의 뜻으로 알맞은 것은?,사이가 좋아 화목하다,사이가 좋아 화목하다,여러 사람의 의견을 두루 묻다,믿음과 성실로써 사귀다,윗사람의 명령을 순순히 좇다
'주전부리'의 뜻으로 알맞은 것은?,"맛이나 재미, 심심풀이로 먹는 음식",음식을 많이 먹지 못하는 사람,"맛이나 재미, 심심풀이로 먹는 음식",베어 낸 통나무의 위쪽 끄트머리 부분,어떤 물건의 끝이 뾰족한 부분
'소연하다'와 뜻이 다른 단어는?,회연하다,괴괴하다,을씨년스럽다,외롭다,회연하다
'마치다'와 뜻이 다른 단어는?,피하다,피하다,파하다,다하다,이루다
'본바탕'과 뜻이 다른 단어는?,본동,본동,본체,원천,자질
'쳐부수다'와 뜻이 다른 단어는?,붕비하다,붕비하다,대파하다,분쇄하다,타도하다
'넘어지다'와 뜻이 다른 단어는?,흐트러지다,거꾸러지다,흐트러지다,엎어지다,나동그라지다
'버리다'와 뜻이 다른 단어는?,파하다,내던지다,파기하다,파하다,해치다
'삼가다'와 뜻이 다른 단어는?,섬기다,경건하다,섬기다,근신하다,조심하다
'바꾸다'와 뜻이 다른 단어는?,감행하다,변환하다,개혁하다,감행하다,변경하다
'몰두하다'와 뜻이 다른 단어는?,탐탁하다,골몰하다,열중하다,탐닉하다,탐탁하다
'분노하다'와 뜻이 다른 단어는?,배격하다,배격하다,분격하다,격노하다,분개하다
몸은 약하여 보여도 힘이 세고 다부지다,앙세다,걱세다,까세다,앙세다,악세다
갈피를 잡을 수 없도록 마구 지껄이는 모양,콩팔칠팔,콩팔칠팔,홀랑이질,소바리짐,
'깜냥깜냥'의 뜻으로 알맞은 것은?,자신의 힘을 다하여,하루 시간을 다 써서,자신의 힘을 다하여,아주 빠른 속도로,
'무드러기'의 뜻으로 알맞은 것은?,미처 다 타지 않고 남아 있는 장작개비,쓰고 남은 자질구레한 조각,골라내거나 잘라 내고 남은 나머지,과일의 크기가 다른 것에 비해 굵고 큰 것,미처 다 타지 않고 남아 있는 장작개비
'간데족족'의 뜻으로 알맞은 것은?,가는 곳마다 빼지 않고 모두,고르지 않게 가무스름하다,여러 가닥으로 찢어진 모양,가는 곳마다 빼지 않고 모두,갈피를 잡지 못하고 헤매는 모양
'사로잠'의 뜻으로 알맞은 것은?,마음을 놓지 못하고 조바심하며 자는 잠,비좁은 방에서 여럿이 모로 끼어 자는 잠,마음을 놓지 못하고 조바심하며 자는 잠,자야 할 시간이 아닌 때에 몰래 자는 잠,너무 피곤하여 아무 데서나 쓰러져 자는 잠
일을 다잡아 해내는 솜씨,잡을손,잡을손,억짓손,지음새,한가락
'아늘거리다'의 뜻으로 알맞은 것은?,빠르고 가볍게 춤추듯이 잇따라 흔들리다,춥거나 무서워서 몸이 잇따라 심하게 떨리다,빠르고 가볍게 춤추듯이 잇따라 흔들리다,팔다리 따위가 힘없이 느리게 자꾸 움직이다,허리가 좌우로 거볍게 자꾸 흔들리다
'콩팔칠팔'의 뜻으로 알맞은 것은?,갈피를 잡을 수 없도록 마구 지껄이는 모양,갈피를 잡을 수 없도록 마구 지껄이는 모양,자꾸 함부로 마구 쑤시거나 훑는 짓,생각이나 정신이 있다 없다 하는 모양,
서로 마음이 맞지 아니하여 사이가 벌어지는 모양,아근바근,울고불고,앙글방글,아근바근,아글바글
연목구어(緣木求魚)의 뜻은?,불가능한 일을 굳이 하려 함,인연은 간절히 구해야 이루어짐,불가능한 일을 굳이 하려 함,나무와 물고기가 있는 연못,
골육상쟁(骨肉相爭)의 뜻은?,가까운 혈족끼리 서로 싸움,가까운 혈족끼리 서로 싸움,경쟁이나 싸움에서 승리를 거둠,한데 엉켜 치고받으며 어지러이 싸움,
일도양단(一刀兩斷)의 뜻은?,어떤 일을 머뭇거리지 아니하고 선뜻 결정함,어떤 일을 머뭇거리지 아니하고 선뜻 결정함,겉으로는 친절하지만 내심으로는 해치려 함,"불상을 조각할 때에, 한 번 깎고 세 번 삼보에 절하는 일",
일망타진(一網打盡)의 뜻은?,어떤 무리를 한꺼번에 모조리 다 잡음,근본을 빼내고 원천을 막아 버림,어떤 무리를 한꺼번에 모조리 다 잡음,주된 일이 되면 다른 일도 그에 따라서 이루어짐,
하늘과 땅 사이에 가득 찬 넓고 큰 원기,호연지기 (浩然之氣),호연지기 (浩然之氣),자강불식 (自強不息]),연목구어 (緣木求魚),
초지일관(初志一貫)의 뜻은?,처음에 세운 뜻을 끝까지 밀고 나감,행동하거나 밀고 나가는 기세가 강함,처음에 세운 뜻을 끝까지 밀고 나감,일을 다그쳐 냅다 밀고 나감,
평지풍파(平地風波)의 뜻은?,평온한 자리에서 일어나는 풍파,집안의 분란이나 풍파,풍파가 없어 고요하고 평온한 상태,평온한 자리에서 일어나는 풍파,
출세를 하여 고향에 돌아가거나 돌아옴,금의환향 (錦衣還鄕),도원결의 (桃園結義),극기복례 (克己復禮),금의환향 (錦衣還鄕),
간악무도(奸惡無道)의 뜻은?,간사하고 악독하며 도리에 어긋나는 데가 있음,보기에 간사하고 악독한 데가 있다,요망하고 간사스러우며 악독한 데가 있다,간사하고 악독하며 도리에 어긋나는 데가 있음,
백아절현(伯牙絶絃)의 뜻은?,자기를 알아주는 참다운 벗의 죽음을 슬퍼함,글만 읽고 세상일에는 경험이 없는 사람,세상에서는 견줄 사람이 없을 정도로 아름다운 여자,자기를 알아주는 참다운 벗의 죽음을 슬퍼함,
성질이 질기고 억세다,검세다,걱세다,까세다,꺽세다,검세다
몹시 험한 비탈,된비알,돌비알,된비알,엇비탈,홑비탈
'지스러기'의 뜻으로 알맞은 것은?,골라내거나 잘라 내고 남은 나머지,손톱이 박힌 자리 주변에 살갗이 일어난 것,깎아 내거나 끊어 내고 남은 자질구레한 나뭇조각,골라내거나 잘라 내고 남은 나머지,쓸 만한 것을 골라내고 남은 물건
'돌꼇잠'의 뜻으로 알맞은 것은?,이리저리 굴러다니면서 자는 잠,마음을 놓지 못하고 조바심하며 자는 잠,깊이 들지 못하고 자꾸 놀라 깨는 잠,남의 눈에 띄지 않도록 몰래 자는 잠,이리저리 굴러다니면서 자는 잠
국이나 찌개에 넣는 고기붙이,꾸미,돝고기,맷고기,꾸지,꾸미
'곁땀'의 뜻으로 알맞은 것은?,겨드랑이에서 나는 땀,바느질을 하기 전에 미리 표시한 부분,겨드랑이에서 나는 땀,일을 이룰 때 함께 한 수고,결과를 가져오게 된 원인
글에서 본문에 해당하는 부분,글마루,글구멍,글마디,글마루,글머리
짤막하고 단단한 몽둥이,몽치,몽두,몽치,몽짜,몽이
나들이할 때 착용하는 옷이나 신발,난벌,난벌,낱벌,든벌,밀벌
겨드랑이에서 나는 땀,곁땀,겨욹,겨땀,곁수,곁땀
띄어쓰기가 맞는 것은?,일은 차질 없이 잘 진행된다.,일은 차질없이 잘 진행된다.,일은 차질 없이 잘 진행된다.,,
띄어쓰기가 맞는 것은?,우리 그냥 다음번에 가자!,우리 그냥 다음 번에 가자!,우리 그냥 다음번에 가자!,,
맞는 띄어쓰기는?,양말 열 켤레,양말 열켤레,양말 열 켤레,,
맞는 띄어쓰기는?,각 사람,각사람,각 사람,,
맞는 띄어쓰기는?,차 여섯 대,차 여섯 대,차 여섯대,,
띄어쓰기가 맞는 것은?,형제간에 우애가 좋다.,형제 간에 우애가 좋다.,형제간에 우애가 좋다.,,
띄어쓰기가 맞는 것은?,너부터 먼저 먹어라.,너 부터 먼저 먹어라.,너부터 먼저 먹어라.,,
그림같이 vs 그림 같이,그림같이 아름답다.,그림같이 아름답다.,그림 같이 아름답다.,,
띄어쓰기가 맞는 것은?,나를 알아주는 사람은 너밖에 없다.,나를 알아주는 사람은 너 밖에 없다.,나를 알아주는 사람은 너밖에 없다.,,
맞는 띄어쓰기는?,먹기는커녕 물도 못 마셨다.,먹기는커녕 물도 못 마셨다.,먹기는 커녕 물도 못 마셨다.,,
'뒤지다'와 뜻이 다른 단어는?,세세하다,세세하다,검색하다,들쑤시다,수사하다
'치장하다'와 뜻이 다른 단어는?,수라하다,단장하다,매만지다,수식하다,수라하다
'말하다'와 뜻이 다른 단어는?,면하다,면하다,진술하다,일컫다,토로하다
'살펴보다'와 뜻이 다른 단어는?,경시하다,뜯어보다,조사하다,검사하다,경시하다
'연구하다'와 뜻이 다른 단어는?,골중하다,강구하다,골중하다,고구하다,탐구하다
'떠들썩하다'와 뜻이 다른 단어는?,약조하다,부산하다,수선스럽다,왁자하다,약조하다
'부끄럽다'와 뜻이 다른 단어는?,가없다,무색하다,스스럽다,가없다,열없다
'북적거리다'와 뜻이 다른 단어는?,욱끓다,끓어오르다,들끓다,뒤끓다,욱끓다
'보태다'와 뜻이 다른 단어는?,환산하다,가산하다,환산하다,메우다,거들다
'버둥거리다'와 뜻이 다른 단어는?,바디질하다,버르적거리다,바동거리다,버둥질하다,바디질하다
띄어쓰기가 맞는 것은?,너를 영원히 사랑할 거야.,너를 영원히 사랑할거야.,너를 영원히 사랑할 거야.,,
맞는 띄어쓰기는?,강아지 다섯 마리가 뛰논다.,강아지 다섯마리가 뛰논다.,강아지 다섯 마리가 뛰논다.,,
띄어쓰기가 맞는 것은?,부모님께 말씀드렸다.,부모님께 말씀드렸다.,부모님께 말씀 드렸다.,,
띄어쓰기가 맞는 것은?,그는 시인 겸 소설가이다.,그는 시인겸 소설가이다.,그는 시인 겸 소설가이다.,,
띄어쓰기가 맞는 것은?,전 좌석 안전벨트,전 좌석 안전벨트,전좌석 안전벨트,,
띄어쓰기가 맞는 것은?,당신과 함께 살고 싶어요.,당신과 함께 살고 싶어요.,당신과 함께 살고싶어요.,,
띄어쓰기가 맞는 것은?,여행을 갈 것이다.,여행을 갈 것이다.,여행을 갈 것 이다.,,
띄어쓰기가 맞는 것은?,오랜만에 청계천을 걸었다.,오랜만에 청계천을 걸었다.,오랜 만에 청계천을 걸었다.,,
띄어쓰기가 맞는 것은?,쌀값이 안정을 되찾았다.,쌀 값이 안정을 되찾았다.,쌀값이 안정을 되찾았다.,,
띄어쓰기가 맞는 것은?,물건 가격이 소폭 감소했다.,물건 가격이 소폭 감소했다.,물건가격이 소폭 감소했다.,,
'소록소록'의 뜻으로 알맞은 것은?,아기가 곱게 자는 모양,아기가 곱게 자는 모양,눈이 조용히 내리는 모양,담긴 물건이 볼록하게 많은 모양,바람이 가볍게 불어오는 모양
세차게 부는 바람의 기운,바람살,바람결,바람목,바람살,바람씨
'난벌'의 뜻으로 알맞은 것은?,나들이할 때 착용하는 옷이나 신발,나들이할 때 착용하는 옷이나 신발,따로따로인 한 벌 한 벌,집 안에서만 입는 옷이나 신는 신발,알록달록하게 곱게 만든 아이의 옷
남다른 재능을 지닌 사람,슬기주머니,두루주머니,슬기주머니,토리주머니,
어린 꽃봉오리가 꽃을 피우기 위해 망울이 생기다,벙글다,옹글다,궁글다,몽글다,벙글다
'그루잠'의 뜻으로 알맞은 것은?,깨었다가 다시 든 잠,깨었다가 다시 든 잠,깊이 들지 못하고 자꾸 놀라 깨는 잠,고개를 꾸벅거리며 조는 잠,자야 할 시간이 아닌 때에 몰래 자는 잠
'헤살'의 뜻으로 알맞은 것은?,일을 짓궂게 훼방함,넓은 마음으로 너그럽게 용서함,"표정, 웃음소리 따위가 맑고 깨끗함",기분이 언짢거나 성이 나서 살이 뻗침,일을 짓궂게 훼방함
비좁은 방에서 여럿이 모로 끼어 자는 잠,갈치잠,귀잠,그루잠,갈치잠,사로잠
'샘바리'의 뜻으로 알맞은 것은?,샘이 많아서 안달하는 사람,샘물을 받아주는 사람,심부름을 대신 하는 사람,샘이 많아서 안달하는 사람,
국이나 찌개에 넣는 고기붙이,꾸미,돝고기,맷고기,꾸지,꾸미
'지독하다'와 뜻이 다른 단어는?,악지스럽다,악지스럽다,끔찍하다,극성스럽다,악착스럽다
'땅덩이'와 뜻이 다른 단어는?,도륙,내륙,도륙,대륙,대지
'잔인하다'와 뜻이 다른 단어는?,잔열하다,잔학하다,잔열하다,악랄하다,몰인정하다
'감싸다'와 뜻이 다른 단어는?,휘젓다,보호하다,편애하다,휘감다,휘젓다
'별나다'와 뜻이 다른 단어는?,뚝별나다,뚝별나다,영뚱하다,색다르다,특별나다
'부족하다'와 뜻이 다른 단어는?,결연하다,결연하다,결여하다,미달하다,빈곤하다
'버둥거리다'와 뜻이 다른 단어는?,바디질하다,버르적거리다,바동거리다,버둥질하다,바디질하다
'지독하다'와 뜻이 다른 단어는?,악지스럽다,악지스럽다,끔찍하다,극성스럽다,악착스럽다
'약속하다'와 뜻이 다른 단어는?,계교하다,상약하다,맹약하다,계교하다,약정하다
'빼앗다'와 뜻이 다른 단어는?,취수하다,수탈하다,취수하다,사취하다,후리다
남가일몽(南柯一夢)의 뜻은?,덧없는 꿈이나 한때의 헛된 부귀영화,외부와 접촉을 끊고 학문에 정진함,덧없는 꿈이나 한때의 헛된 부귀영화,같이 행동하면서도 속으로는 각각 딴생각을 하고 있음,
어진 사람의 마음씨를 이르는 말,선우후락 (先憂後樂),견물생심 (見物生心),선우후락 (先憂後樂),갑남을녀 (甲男乙女),
수수방관(袖手傍觀)의 뜻은?,간섭하거나 거들지 아니하고 그대로 버려둠,간섭하거나 거들지 아니하고 그대로 버려둠,오랫동안 쓰지 않고 버려둠,방을 쓰지 아니하고 버려둠,
간악무도(奸惡無道)의 뜻은?,간사하고 악독하며 도리에 어긋나는 데가 있음,보기에 간사하고 악독한 데가 있다,요망하고 간사스러우며 악독한 데가 있다,간사하고 악독하며 도리에 어긋나는 데가 있음,
유쾌하게 이야기함,고담활론 (高談闊論),고담활론 (高談闊論),일편지론 (一偏之論),고담방언 (高談放言),일편지언 (一偏之言)
멸사봉공(滅私奉公)의 뜻은?,사욕을 버리고 공익을 위하여 힘씀,사욕을 버리고 공익을 위하여 힘씀,이리저리 흩어져 갈피를 잡을 수 없음,생명이 있는 것은 반드시 죽게 마련임,
출세를 하여 고향에 돌아가거나 돌아옴,금의환향 (錦衣還鄕),도원결의 (桃園結義),극기복례 (克己復禮),금의환향 (錦衣還鄕),
남가일몽(南柯一夢)의 뜻은?,덧없는 꿈이나 한때의 헛된 부귀영화,외부와 접촉을 끊고 학문에 정진함,덧없는 꿈이나 한때의 헛된 부귀영화,같이 행동하면서도 속으로는 각각 딴생각을 하고 있음,
전전긍긍(戰戰兢兢)의 뜻은?,몹시 두려워서 벌벌 떨며 조심함,마음에 새겨 두고 조심함,몹시 두려워서 벌벌 떨며 조심함,말이나 행동을 삼가고 조심함,
수수방관(袖手傍觀)의 뜻은?,간섭하거나 거들지 아니하고 그대로 버려둠,간섭하거나 거들지 아니하고 그대로 버려둠,오랫동안 쓰지 않고 버려둠,방을 쓰지 아니하고 버려둠,
다음 중 '설참'의 의미는?,설명을 참조하세요,설마 참으라는거야?,설날에는 참치세트,설명도 안듣고 참견 그만해,설명을 참조하세요
다음 중 '아바라'의 쓰임이 가장 자연스러운 상황을 고르세요.,아바라와 치즈케잌의 조화가 환상적이지.,내 아바라는 이렇게 귀엽게 생겼어.,아바라와 치즈케잌의 조화가 환상적이지.,"아바라, 그렇게 해서 되겠냐?!",가나다라 아바라?
'미먼'과 가장 관련성이 높은 것은 무엇일까요?,대기,미래,방송,로봇,대기
다음 중 '톡디'의 쓰임이 자연스러운 상황은?,내 톡디는 이거야.,내 톡디는 이거야.,피부에는 톡디가 좋지!,그 디자이너는 톡디에 재능이 있어!,나는 귀여워서 톡디라고 불려
다음 중 '좋못사'한 사람은?,샐리 : 취향의 문제가 아니야. 난 너무 사랑해,브라운 : 난 정말 웹툰 좋아하는 사람들 이해가 안돼!,코니 : 취향을 존중해주는게 필요하다고 생각해.,샐리 : 취향의 문제가 아니야. 난 너무 사랑해,레너드 : 난 요즘 관심이 막 생겼어!
다음 중 '전공'의 쓰임이 자연스러운 상황은?,SNS에 올릴 때 사진 전공하지 말아주세요,이번 전공은 특별한 무대로 준비했어요.,친구들끼리 돈 주고 받을 때는 전공이지!,공사하기 전에는 전공이 필요하죠!,SNS에 올릴 때 사진 전공하지 말아주세요
'미먼'과 가장 관련성이 높은 것은 무엇일까요?,대기,미래,방송,로봇,대기
다음 중 '비담'의 쓰임이 자연스러운 상황은?,얘가 여기서 비담이야,그거 다 니가 지불하려면 비담아니야?,비담은 우리만의 일이 아니야,얘가 여기서 비담이야,날씨가 안좋네 비담하려나?
다음 중 '윰차'의 쓰임이 가장 자연스러운 상황을 고르세요.,모두 똑같은 사람인데 윰차하면 안되죠!,모두 똑같은 사람인데 윰차하면 안되죠!,"윰차, 힘을 내자!",나 오늘 윰차 냈어.,따뜻한 윰차 한잔 마실래?
다음 중 '자낳괴'의 의미는?,자본주의가 낳은 괴물,자식을 낳으면 괴롭다,자본주의가 낳은 괴물,자연이 낳은 괴생명체,자유롭게 날아다니면 괴로움은 사라져
'목메여'와 '목메어' 어떤 것이 맞는 말?,그는 목메어 울었다.,그는 목메여 울었다.,그는 목메어 울었다.,,
'벗어부치다'와 '벗어붙이다' 어떤 것이 맞는 말?,고정관념을 벗어부치다.,고정관념을 벗어붙이다.,고정관념을 벗어부치다.,,
'빚을 갚다'와 '빛을 갚다' 어떤 것이 맞는 말?,드디어 빚을 다 갚았다.,드디어 빚을 다 갚았다.,드디어 빛을 다 갚았다.,,
'이르다'와 '일르다' 어떤 것이 맞는 말?,포기하기엔 아직 이르다.,포기하기엔 아직 이르다.,포기하기엔 아직 일르다.,,
'덩굴'과 '덩쿨' 어떤 것이 맞는 말?,엄마와 덩굴 식물을 심었어.,엄마와 덩굴 식물을 심었어.,엄마와 덩쿨 식물을 심었어.,,
'날름'과 '낼름' 어떤 것이 맞는 말?,혀를 날름 내미는 버릇.,혀를 날름 내미는 버릇.,혀를 낼름 내미는 버릇.,,
올바른 표기는?,웅성대며 지껄이는 소리,웅성대며 지껄이는 소리,웅성대며 짖걸이는 소리,웅성대며 짖껄이는 소리,
'대물림'과 '되물림' 어떤 것이 맞는 말?,대물림으로 이어 받은 재산이 많다.,대물림으로 이어 받은 재산이 많다.,되물림으로 이어 받은 재산이 많다.,,
'숫놈'과 '수놈' 어떤 것이 맞는 말?,이 강아지는 수놈이네요.,이 강아지는 숫놈이네요.,이 강아지는 수놈이네요.,,
'이자율'과 '이자률' 어떤 것이 맞는말?,적금 이자율이 궁금하다.,적금 이자율이 궁금하다.,적금 이자률이 궁금하다.,,
? 먹으면 태산도 못 당한다,앉아서,배불리,앉아서,맘먹고,누워서
빌어먹는 놈이 ?을 마다할까,콩밥,찰밥,쌀밥,떡밥,콩밥
밥이 얼굴에 ? 붙었다,더덕더덕,더덕더덕,덕지덕지,깨알같이,빈틈없이
말 안 하면 ?도 모른다,귀신,친구,귀신,누이,하늘
죄지은 놈 원님 ?에다 큰절을 한다,돗자리,빈자리,돗자리,앞자리,끝자리
약삭빠른 ? 밤눈이 어둡다,강아지,강아지,부엉이,고양이,
아이는 ? 낳아서 크게 길러라,작게,얼른,작게,많이,
오뉴월 ?도 팔아먹는다,감투,상투,감투,부채,
쥐구멍에 ? 세우겠다,홍살문,홍살문,마루문,남대문,유리문
범 잡아먹는 ?가 있다,담비,담비,여우,사슴,사자
'구순하다'의 뜻으로 알맞은 것은?,사이가 좋아 화목하다,사이가 좋아 화목하다,여러 사람의 의견을 두루 묻다,믿음과 성실로써 사귀다,윗사람의 명령을 순순히 좇다
'짓먹다'의 뜻으로 알맞은 것은?,지나치게 많이 먹다,서로 어울러서 함께 먹다,지나치게 많이 먹다,마음을 느긋하게 가지다,덜 익은 음식을 미리 먹다
물체의 삐죽하게 내민 부분,뿌다구니,멀떠구니,뿌다구니,치룽구니,
복잡하고 까다로운 조건이 생기다,가탈지다,거방지다,가탈지다,무면지다,오라지다
샘이 많아서 안달하는 사람,샘바리,샘꼬니,샘받이,샘바리,
'지스러기'의 뜻으로 알맞은 것은?,골라내거나 잘라 내고 남은 나머지,손톱이 박힌 자리 주변에 살갗이 일어난 것,깎아 내거나 끊어 내고 남은 자질구레한 나뭇조각,골라내거나 잘라 내고 남은 나머지,쓸 만한 것을 골라내고 남은 물건
'아늘거리다'의 뜻으로 알맞은 것은?,빠르고 가볍게 춤추듯이 잇따라 흔들리다,춥거나 무서워서 몸이 잇따라 심하게 떨리다,빠르고 가볍게 춤추듯이 잇따라 흔들리다,팔다리 따위가 힘없이 느리게 자꾸 움직이다,허리가 좌우로 거볍게 자꾸 흔들리다
'짜금거리다'의 뜻으로 알맞은 것은?,입맛을 자꾸 짝짝 다시며 맛있게 먹다,고개를 앞뒤로 천천히 끄덕거리다,입맛을 자꾸 짝짝 다시며 맛있게 먹다,음식을 먹을 때 잔모래 따위가 거볍게 씹히다,가볍고 경망스럽게 자꾸 까불다
마음씨가 너그럽고 미덥다,슬겁다,선겁다,슬겁다,불겁다,헐겁다
꼿꼿이 앉은 채로 자는 잠,말뚝잠,귀잠,발편잠,벼룩잠,말뚝잠
다음 중 '자낳괴'의 의미는?,자본주의가 낳은 괴물,자식을 낳으면 괴롭다,자본주의가 낳은 괴물,자연이 낳은 괴생명체,자유롭게 날아다니면 괴로움은 사라져
다음 중 '아바라'의 쓰임이 가장 자연스러운 상황을 고르세요.,아바라와 치즈케잌의 조화가 환상적이지.,내 아바라는 이렇게 귀엽게 생겼어.,아바라와 치즈케잌의 조화가 환상적이지.,"아바라, 그렇게 해서 되겠냐?!",가나다라 아바라?
다음 중 '발컨' 한 사람은?,"코니 : 미안해, 나 때문에 지게 생겼네",브라운 : 야 거기서 그걸 그렇게 하면 어떡해!,"코니 : 미안해, 나 때문에 지게 생겼네",샐리 : 야 넌 좀 빠져 !,"레너드 : 왜 그래, 그럴수도 있지. 괜찮아!"
다음 중 '노빠꾸'를 한 사람은?,"코니 : 아니야, 무조건 직진이야.","브라운 : 이제 돌아가자, 너무 멀리왔어","코니 : 아니야, 무조건 직진이야.",샐리 : 난 포기하고 싶어!,레너드 : 옆으로 가보는건 어떨까?
다음 중 '얼죽아'의 쓰임이 가장 자연스러운 상황을 고르세요.,커피 드실 분 중에 얼죽아는 손 드세요!,커피 드실 분 중에 얼죽아는 손 드세요!,얼죽아도 코트입어야지,너 왜이렇게 얼굴이 얼죽아야,마라탕 먹고나면 혀가 얼죽아지?
다음 중 '플렉스'를 한 사람은?,코니 : 응 사과폰 11 샀어~,브라운 : 그래서 어제 뭘 샀다고?,코니 : 응 사과폰 11 샀어~,샐리 : 도대체 왜 산거야?,레너드 : 그건 코니 마음이라고 생각해!
다음 중 '두쿵'을 대체할 수 있는 표현을 고르세요.,심쿵,심쿵,편두통,둥기둥기,비담
다음 중 '자낳괴'의 의미는?,자본주의가 낳은 괴물,자식을 낳으면 괴롭다,자본주의가 낳은 괴물,자연이 낳은 괴생명체,자유롭게 날아다니면 괴로움은 사라져
다음 중 '혼틈'의 쓰임이 가장 자연스러운 상황을 고르세요.,그렇다면 혼틈 내가 먼저 한 입 !,날씨가 너무 추워서 손가락에 혼틈 생겼어,혼자 있다보니까 혼틈하는 시간이 많아지네,그렇다면 혼틈 내가 먼저 한 입 !,아 남자친구가 나한테 말도 안하고 방구 혼틈했어.
다음 중 '비담'의 쓰임이 자연스러운 상황은?,얘가 여기서 비담이야,그거 다 니가 지불하려면 비담아니야?,비담은 우리만의 일이 아니야,얘가 여기서 비담이야,날씨가 안좋네 비담하려나?
'대단히'와 뜻이 다른 단어는?,당당히,극히,상당히,당당히,참으로
'속이다'와 뜻이 다른 단어는?,착안하다,농간하다,공갈하다,착안하다,호리다
'터지다'와 뜻이 다른 단어는?,애련하다,뚫리다,애끓다,째지다,애련하다
'고단하다'와 뜻이 다른 단어는?,중단하다,중단하다,곤궁하다,힘들다,노곤하다
'섭섭하다'와 뜻이 다른 단어는?,헛헛하다,헛헛하다,노엽다,애석하다,애틋하다
'쏠리다'와 뜻이 다른 단어는?,쏠락대다,몰리다,끌리다,쏠락대다,지향하다
'약속하다'와 뜻이 다른 단어는?,계교하다,상약하다,맹약하다,계교하다,약정하다
'변하다'와 뜻이 다른 단어는?,번질대다,달라지다,번질대다,둔갑하다,변질되다
'아이디어'와 뜻이 다른 단어는?,해안,고안,꾀,해안,영감
'겉모습'과 뜻이 다른 단어는?,대형,외관,꼴,풍채,대형
바른 길에서 벗어난 학문으로 세상 사람에게 아첨함,곡학아세 (曲學阿世),다문박식 (多聞博識),곡학아세 (曲學阿世),견리사의 (見利思義),
겉으로는 같이 행동하면서도 속으로는 각각 딴생각을 하고 있음,동상이몽 (同床異夢),동상이몽 (同床異夢),마두출령 (馬頭出令),청운지지 (靑雲之志),
암중모색(暗中摸索)의 뜻은?,어림으로 무엇을 알아내거나 찾아내려 함,의심이 있으면 대수롭지 않은 일까지 불안해 함,어림으로 무엇을 알아내거나 찾아내려 함,어둠 속에서 날고 뛰듯이 남 모르게 활동함,
자화자찬(自畫自讚)의 뜻은?,자기가 한 일을 스스로 자랑함,자기가 어떤 것에 끌려 취하다시피 함,허물을 고쳐 스스로 새로워 짐,자기가 한 일을 스스로 자랑함,
중언부언(重言復言)의 뜻은?,이미 한 말을 자꾸 되풀이함,이미 한 말을 자꾸 되풀이함,나쁜 현상이 끊임없이 되풀이됨,되풀이하여 일어났다 쉬었다 함,
주객전도(主客顚倒)의 뜻은?,주인과 손의 위치가 서로 뒤바뀜,주인과 손의 위치가 서로 뒤바뀜,주인과 손이 함께 어울려 즐거워함,주인과 손의 마음이 하나로 모임,
권불십년(權不十年)의 뜻은?,아무리 높은 권세라도 오래가지 못함,아무리 높은 권세라도 오래가지 못함,오래 전부터 친히 사귀어 온 친구,외부와 접촉을 끊고 학문에 정진함,
난형난제(難兄難弟)의 뜻은?,두 사물이 비슷하여 낫고 못함을 정하기 어려움,형제자매의 자식을 이르는 말,옳고 그름과 낫고 못함을 판단함,두 사물이 비슷하여 낫고 못함을 정하기 어려움,
눌언민행(訥言敏行)의 뜻은?,말은 느려도 실제 행동은 재빠르고 능란함,매우 느리게 말을 하거나 글을 읽는 모양,말은 느려도 실제 행동은 재빠르고 능란함,말을 재치 있고 능란하게 구사하는 능력,
천사만량(千思萬量)의 뜻은?,여러 가지로 생각하여 헤아림,여러 가지 일을 겪어 지내 옴,여러 가지로 생각하여 헤아림,쓸데없이 하는 여러 가지 생각,
?하면 400만원이야!,영끌,처돌이,혼코노,오저치고,영끌
여기 너무 예쁘다! 분위기 진짜 ?,와우내,와우내,이생망,누물보,자낳괴
'라떼는 말이야'와 가장 관련성이 높은 것은 무엇일까요?,기성세대,레스토랑,기성세대,광고,얼죽아
?에 무슨 그런말을 하고 그래!,이시국,이시국,이선좌,이생망,이크에크
다음 중 '혼틈'의 쓰임이 가장 자연스러운 상황을 고르세요.,그렇다면 혼틈 내가 먼저 한 입 !,날씨가 너무 추워서 손가락에 혼틈 생겼어,혼자 있다보니까 혼틈하는 시간이 많아지네,그렇다면 혼틈 내가 먼저 한 입 !,아 남자친구가 나한테 말도 안하고 방구 혼틈했어.
"우리 집 ? 좀 봐, 너무 예쁘지?",뽀시래기,뽀시래기,자낳괴,누물보,관크
다음 중 '전공'의 쓰임이 자연스러운 상황은?,SNS에 올릴 때 사진 전공하지 말아주세요,이번 전공은 특별한 무대로 준비했어요.,친구들끼리 돈 주고 받을 때는 전공이지!,공사하기 전에는 전공이 필요하죠!,SNS에 올릴 때 사진 전공하지 말아주세요
다음 중 '노빠꾸'를 한 사람은?,"코니 : 아니야, 무조건 직진이야.","브라운 : 이제 돌아가자, 너무 멀리왔어","코니 : 아니야, 무조건 직진이야.",샐리 : 난 포기하고 싶어!,레너드 : 옆으로 가보는건 어떨까?
다음 중 '누물보'의 의미는?,누가 물어본 사람?,누구랑 물건 보러 갔어?,누수가 되지 않게 보수를 잘 해야해,누가 나를 물로 보는거야?!,누가 물어본 사람?
다음 중 '법블레스'를 할 수 있는 상황은?,동생이 화나게 하는 경우,친구가 재채기를 하는 경우,동생이 화나게 하는 경우,노블리스 오블리제를 실천해야하는 경우,사촌언니가 취업한 경우
띄어쓰기가 맞는 것은?,우리는 다음날을 기약했다.,우리는 다음날을 기약했다.,우리는 다음 날을 기약했다.,,
띄어쓰기가 맞는 것은?,동기간의 우애가 돈독하다.,동기 간의 우애가 돈독하다.,동기간의 우애가 돈독하다.,,
띄어쓰기가 맞는 것은?,물건값이 소폭 감소했다.,물건 값이 소폭 감소했다.,물건값이 소폭 감소했다.,,
띄어쓰기가 맞는 것은?,호박이 굴러 들어오네요.,호박이 굴러들어 오네요.,호박이 굴러 들어오네요.,호박이 굴러들어오네요.,
띄어쓰기가 맞는 것은?,그는 요리도 참 잘한다.,그는 요리도 참 잘한다.,그는 요리도 참 잘 한다.,,
맞는 띄어쓰기는?,어찌할 바를 몰랐다.,어찌할바를 몰랐다.,어찌할 바를 몰랐다.,,
맞는 띄어쓰기는?,교환 및 환불 가능 기간은 일주일입니다.,교환및 환불 가능 기간은 일주일입니다.,교환 및 환불 가능 기간은 일주일입니다.,,
띄어쓰기가 맞는 것은?,물건값이 소폭 감소했다.,물건 값이 소폭 감소했다.,물건값이 소폭 감소했다.,,
띄어쓰기가 맞는 것은?,노래를 못해서 연습했다.,노래를 못해서 연습했다.,노래를 못 해서 연습했다.,,
띄어쓰기가 맞는 것은?,거리가 멀뿐더러 차도 없다.,거리가 멀 뿐더러 차도 없다.,거리가 멀뿐더러 차도 없다.,,
올바른 외래어 표기는?,멜론,멜론,메론,,
올바른 외래어 표기는?,에메랄드,에머랄드,에메랄드,,
올바른 외래어 표기는?,심벌,심볼,심벌,,
올바른 외래어 표기는?,코냑,꼬냑,코냑,,
올바른 외래어 표기는?,레모네이드,레모네이드,레몬에이드,,
올바른 외래어 표기는?,알루미늄 포일,알루미늄 포일,알루미늄 호일,,
올바른 외래어 표기는?,셔틀콕,셔틀코크,셔틀콕,,
올바른 외래어 표기는?,콩트,콩트,꽁트,,
올바른 외래어 표기는?,카세트,카세트,카셋트,,
올바른 외래어 표기는?,세팅,세팅,셋팅,,
'들무새'의 뜻으로 알맞은 것은?,뒷바라지에 쓰는 물건,여러 가지 땔나무,뒷바라지에 쓰는 물건,머리를 매만진 모양새,
일을 대강대강 하는 모양,거춤거춤,감침시침,가칠가칠,거춤거춤,갖추갖추
'유들지다'의 뜻으로 알맞은 것은?,윤이 나고 부드럽고 살지다,크고 뚜렷한 것들이 두드러지다,몸은 작아도 힘차고 다부지다,아주 심하거나 지독한 데가 있다,윤이 나고 부드럽고 살지다
'등걸잠'의 뜻으로 알맞은 것은?,옷을 입은 채 아무 데나 쓰러져 자는 잠,이리저리 굴러다니면서 자는 잠,남의 눈에 띄지 않도록 몰래 자는 잠,옷을 입은 채 아무 데나 쓰러져 자는 잠,마음을 놓지 못하고 조바심하며 자는 잠
'왕배덕배'의 뜻으로 알맞은 것은?,이러니저러니 하고 시비를 가리는 모양,이러니저러니 하고 시비를 가리는 모양,적극적인 의지가 없이 되는대로 행동하는 모양,어지럽게 덧붙거나 겹쳐 있는 모양,자그마한 것들이 한 곳에 많이 붙어 있는 모양
아무 도구도 가지지 아니하고 맨손뿐인 것,매나니,맨이름,매나니,껑터리,빈털터리
서로 지지 않으려고 버티어 겨루다,겯고틀다,겯고틀다,어긋틀다,쥐어틀다,
'든벌'의 뜻으로 알맞은 것은?,집 안에서만 입는 옷이나 신는 신발,집 안에서만 입는 옷이나 신는 신발,따로따로인 한 벌 한 벌,땅에 내리쬐는 볕,풀이 나 있는 들판
억울한 누명이나 오명,덤터기,끌터기,마루터기,덤부랑,덤터기
'꿈지러기'의 뜻으로 알맞은 것은?,음식물에서 생긴 구더기,잘라 내고 남은 나머지,잘게 부스러진 물건,헐어서 못 쓰게 된 물건,음식물에서 생긴 구더기
'건방지다'와 뜻이 다른 단어는?,옹골지다,도도하다,버릇없다,시건방지다,옹골지다
'물러가다'와 뜻이 다른 단어는?,부각하다,사임하다,후퇴하다,퇴각하다,부각하다
'망치다'와 뜻이 다른 단어는?,헤치다,상하다,해치다,헤치다,잡치다
'뒤집어쓰다'와 뜻이 다른 단어는?,내리닫다,걸치다,내리덮다,내리닫다,덮어쓰다
'늘어지다'와 뜻이 다른 단어는?,들락이다,들락이다,너부러지다,팽창하다,매달리다
'문책하다'와 뜻이 다른 단어는?,현묘하다,나무라다,힐문하다,현묘하다,책망하다
'다하다'와 뜻이 다른 단어는?,깨나다,끝장나다,깨나다,고갈되다,완수하다
'이야기'와 뜻이 다른 단어는?,풍기,담론,설화,풍설,풍기
'망치다'와 뜻이 다른 단어는?,헤치다,상하다,해치다,헤치다,잡치다
'보호하다'와 뜻이 다른 단어는?,결호하다,수호하다,엄호하다,결호하다,옹호하다
다음 중 '누물보'의 의미는?,누가 물어본 사람?,누구랑 물건 보러 갔어?,누수가 되지 않게 보수를 잘 해야해,누가 나를 물로 보는거야?!,누가 물어본 사람?
다음 중 '스라밸'의 쓰임이 가장 자연스러운 상황을 고르세요.,학생으로서 스라밸이 중요하지.,거기 딱 스라밸,스라밸 들으니까 정말 크리스마스 같다!,이 공포영화 정말 스라밸이 넘치네.,학생으로서 스라밸이 중요하지.
다음 중 '관크'의 의미는?,관객 크리티컬,관심사 크러쉬,관객 크리티컬,관심 있는 사람한테 고백하는 크리스마스,관종 크리에이터
?니까 소개팅 좀 시켜줘!,인만추,처돌이,얼죽코,인만추,윰차
다음 중 '오놀아놈'을 대체할 수 있는 단어는 무엇일까요?,인싸,인싸,흑우,펭수,혼코노
?하면 400만원이야!,영끌,처돌이,혼코노,오저치고,영끌
다음 중 '고나리자'의 쓰임이 자연스러운 상황은?,학교에 고나리자 한 명 있어.,액자 속 눈썹이 없는 고나리자,너 왜 엄마한테 고나리자,초원을 뛰노는 고나리자 한 마리,학교에 고나리자 한 명 있어.
'반신'과 가장 관련성이 높은 것은 무엇일까요?,존중,욕조,존중,상체,사고
다음 중 '관크'의 의미는?,관객 크리티컬,관심사 크러쉬,관객 크리티컬,관심 있는 사람한테 고백하는 크리스마스,관종 크리에이터
여러분 모두 ?입니다,만반잘부,만반잘부,플렉스,꾸안꾸,펭수
말에 순서와 줄거리가 없음,어무윤척 (語無倫脊),어무윤척 (語無倫脊),언어도단 (言語道斷),금린옥척 (錦鱗玉尺),어무상론 (語無常論)
승승장구(乘勝長驅)의 뜻은?,싸움에 이긴 형세를 타고 계속 몰아침,한 군대가 힘에 벅찬 적군과 맞서 싸움,싸움에 이긴 형세를 타고 계속 몰아침,경험이 많아 여러 가지로 능란한 사람,
설상가상(雪上加霜)의 뜻은?,난처한 일이나 불행한 일이 잇따라 일어남,난처하거나 딱한 일이 벌어짐,난처한 일이나 불행한 일이 잇따라 일어남,뜻밖에 불행한 일을 겪음,
경거망동(輕擧妄動)의 뜻은?,경솔하여 생각 없이 망령되게 행동함,말이나 행동이 터무니없고 망령됨,마음이 들뜨고 허황하여 망령을 부림,경솔하여 생각 없이 망령되게 행동함,
